fr_aniline,VSA_EState10,VSA_EState3,fr_imide
1.7921440821874428,-0.5744789356120961,-1.0943575412353947,-0.21429687122291943
-0.8481632388966314,1.808636079949562,-0.8731860983960351,-0.21429687122291943
-0.8481632388966314,-0.5744789356120961,-0.19677829499480043,-0.21429687122291943
-0.8481632388966314,-0.5744789356120961,0.9087501188357648,-0.21429687122291943
-0.8481632388966314,1.8500262068615387,-1.0922675222285787,-0.21429687122291943
1.7921440821874428,-0.5744789356120961,-0.6355217213119269,-0.21429687122291943
0.4719904216454058,-0.5744789356120961,-1.0943575412353947,-0.21429687122291943
-0.8481632388966314,0.0329127690638167,3.0450475299907005,-0.21429687122291943
0.4719904216454058,-0.5744789356120961,-0.18244283420898247,-0.21429687122291943
-0.8481632388966314,-0.5744789356120961,-1.0943575412353947,-0.21429687122291943
0.4719904216454058,-0.5744789356120961,-0.6114467356080491,-0.21429687122291943
0.4719904216454058,-0.5744789356120961,-0.5349913901706664,-0.21429687122291943
-0.8481632388966314,-0.5744789356120961,-0.592564406456091,-0.21429687122291943
-0.8481632388966314,-0.5744789356120961,1.1865316416039102,-0.21429687122291943
0.4719904216454058,-0.5744789356120961,-0.18165121986711533,-0.21429687122291943
-0.8481632388966314,-0.5744789356120961,-1.0139784793573734,-0.21429687122291943
-0.8481632388966314,-0.5744789356120961,-0.9743624047996062,-0.21429687122291943
-0.8481632388966314,-0.5744789356120961,0.5940876739345886,-0.21429687122291943
-0.8481632388966314,-0.5744789356120961,2.464868078507434,-0.21429687122291943
-0.8481632388966314,-0.5744789356120961,0.7455195114674318,-0.21429687122291943
-0.8481632388966314,-0.5744789356120961,-0.6241897789835795,-0.21429687122291943
-0.8481632388966314,-0.5744789356120961,0.1409661200199162,-0.21429687122291943
-0.8481632388966314,-0.5744789356120961,-1.0943575412353947,-0.21429687122291943
-0.8481632388966314,1.8332671506588891,-0.08996710539051547,-0.21429687122291943
-0.8481632388966314,-0.5744789356120961,-0.43063953537104915,-0.21429687122291943
0.4719904216454058,-0.5744789356120961,-0.2744569873202834,-0.21429687122291943
-0.8481632388966314,-0.5744789356120961,-1.0943575412353947,-0.21429687122291943
-0.8481632388966314,-0.5744789356120961,0.6928799571999182,-0.21429687122291943
-0.8481632388966314,-0.5744789356120961,-0.7032202595984565,3.5818191332973677
-0.8481632388966314,-0.5744789356120961,0.9580770287892684,-0.21429687122291943
0.4719904216454058,-0.5744789356120961,-1.0943575412353947,3.5818191332973677
-0.8481632388966314,0.15237512565950714,-0.13724381691313448,-0.21429687122291943
0.4719904216454058,0.04603461887561542,0.9860058311241539,-0.21429687122291943
0.4719904216454058,0.10188078654204631,1.8904127338033174,-0.21429687122291943
-0.8481632388966314,2.001356931917718,-1.0167361210536845,-0.21429687122291943
-0.8481632388966314,-0.5744789356120961,-1.0943575412353947,-0.21429687122291943
-0.8481632388966314,-0.5744789356120961,-1.0943575412353947,-0.21429687122291943
-0.8481632388966314,-0.052844871330884474,-1.0116053601083808,-0.21429687122291943
-0.8481632388966314,-0.5744789356120961,-0.32376589783896126,-0.21429687122291943
-0.8481632388966314,-0.5744789356120961,-0.598729112664242,-0.21429687122291943
0.4719904216454058,1.873291969263068,-1.043882796499358,-0.21429687122291943
0.4719904216454058,-0.5744789356120961,-0.6761573095144183,-0.21429687122291943
-0.8481632388966314,-0.5744789356120961,-0.49797398234549933,-0.21429687122291943
0.4719904216454058,-0.5744789356120961,-0.5804617307956307,-0.21429687122291943
-0.8481632388966314,-0.5744789356120961,-1.0943575412353947,-0.21429687122291943
0.4719904216454058,-0.5744789356120961,-1.0943575412353947,-0.21429687122291943
-0.8481632388966314,-0.5744789356120961,0.6924379888949055,-0.21429687122291943
-0.8481632388966314,1.730534483435644,0.5179769101051082,-0.21429687122291943
-0.8481632388966314,-0.5744789356120961,1.5470076591144069,-0.21429687122291943
-0.8481632388966314,-0.5744789356120961,-0.6529801400119943,3.5818191332973677
0.4719904216454058,-0.5744789356120961,1.165266652299867,-0.21429687122291943
0.4719904216454058,-0.5744789356120961,-0.6513520839335236,-0.21429687122291943
-0.8481632388966314,-0.5744789356120961,1.8923601559513108,-0.21429687122291943
-0.8481632388966314,-0.5744789356120961,-0.42823862634876364,-0.21429687122291943
0.4719904216454058,-0.5744789356120961,-0.5386482018516883,-0.21429687122291943
-0.8481632388966314,0.7312619517571765,-0.6042915393427322,-0.21429687122291943
0.4719904216454058,0.12359159562002904,-0.62266747904989,-0.21429687122291943
0.4719904216454058,0.07104308108704248,0.7340720089987338,-0.21429687122291943
-0.8481632388966314,0.03214094938499262,0.40344951289779235,-0.21429687122291943
-0.8481632388966314,1.919559298631871,-0.6410311518816434,-0.21429687122291943
-0.8481632388966314,-0.5744789356120961,3.278017221523784,-0.21429687122291943
-0.8481632388966314,1.9627697876532866,0.6712842299512835,-0.21429687122291943
-0.8481632388966314,-0.5744789356120961,0.812457848256295,-0.21429687122291943
0.4719904216454058,-0.5744789356120961,-0.567169889801846,-0.21429687122291943
-0.8481632388966314,-0.5744789356120961,-1.0943575412353947,-0.21429687122291943
-0.8481632388966314,-0.5744789356120961,1.0761431522985763,-0.21429687122291943
0.4719904216454058,-0.5744789356120961,0.5282216752835618,-0.21429687122291943
-0.8481632388966314,0.08891956692921153,0.2461064311313857,-0.21429687122291943
-0.8481632388966314,-0.5744789356120961,-0.46070217716308853,3.5818191332973677
0.4719904216454058,-0.5744789356120961,-0.021600379025187046,-0.21429687122291943
-0.8481632388966314,1.9416595743822724,-0.9736362449726511,-0.21429687122291943
-0.8481632388966314,-0.5744789356120961,-1.0943575412353947,-0.21429687122291943
-0.8481632388966314,-0.5744789356120961,-0.49750782771752133,-0.21429687122291943
0.4719904216454058,0.06478455305073741,-0.40865011001666,-0.21429687122291943
1.7921440821874428,-0.5744789356120961,-0.5670677460157986,-0.21429687122291943
0.4719904216454058,1.5858809116407122,-1.0943575412353947,-0.21429687122291943
1.7921440821874428,-0.5744789356120961,-0.3764315225573615,-0.21429687122291943
1.7921440821874428,-0.5744789356120961,1.2822986835576249,-0.21429687122291943
0.4719904216454058,0.1926937074260919,-0.32070158425753936,-0.21429687122291943
-0.8481632388966314,-0.5744789356120961,-0.6042561417905029,-0.21429687122291943
0.4719904216454058,0.03757092205340868,-0.5381076263979088,-0.21429687122291943
0.4719904216454058,-0.5744789356120961,-0.35670013320584143,-0.21429687122291943
-0.8481632388966314,0.030010866371339668,-0.02672711782506962,-0.21429687122291943
-0.8481632388966314,-0.5744789356120961,0.7488650337639782,-0.21429687122291943
0.4719904216454058,-0.5744789356120961,-0.00842387071290087,-0.21429687122291943
-0.8481632388966314,-0.5744789356120961,-0.5952044304647007,-0.21429687122291943
-0.8481632388966314,2.5775441136301214,-0.8292298126802846,-0.21429687122291943
-0.8481632388966314,-0.5744789356120961,-1.0943575412353947,-0.21429687122291943
-0.8481632388966314,-0.5744789356120961,1.108909286039544,-0.21429687122291943
-0.8481632388966314,-0.5744789356120961,1.9853240030733614,-0.21429687122291943
-0.8481632388966314,-0.031225794496219754,0.8547476452252498,-0.21429687122291943
1.7921440821874428,-0.04391708706426642,-0.2829735662285241,-0.21429687122291943
0.4719904216454058,0.5483544839238059,1.608846327651716,-0.21429687122291943
0.4719904216454058,-0.5744789356120961,-1.0943575412353947,-0.21429687122291943
0.4719904216454058,-0.5744789356120961,0.3581634670253588,-0.21429687122291943
1.7921440821874428,-0.5744789356120961,-0.6255097060635322,-0.21429687122291943
0.4719904216454058,0.06486484024559161,-0.6405878562240995,-0.21429687122291943
0.4719904216454058,0.5740283933732174,-0.8869275644700033,-0.21429687122291943
3.11229774272948,-0.5744789356120961,-0.67725339091085,-0.21429687122291943
0.4719904216454058,-0.5744789356120961,0.9969587852237247,-0.21429687122291943
-0.8481632388966314,-0.5744789356120961,-0.662398605674359,-0.21429687122291943
-0.8481632388966314,-0.5744789356120961,-1.0943575412353947,-0.21429687122291943
-0.8481632388966314,-0.5744789356120961,-0.01351521196055442,-0.21429687122291943
0.4719904216454058,-0.5744789356120961,-0.6355119398818658,-0.21429687122291943
-0.8481632388966314,-0.5744789356120961,-1.0943575412353947,-0.21429687122291943
-0.8481632388966314,-0.5744789356120961,0.6253889524584018,-0.21429687122291943
0.4719904216454058,-0.5744789356120961,0.6588456717416226,-0.21429687122291943
-0.8481632388966314,-0.028872295871249933,2.6629795327256716,-0.21429687122291943
-0.8481632388966314,-0.5744789356120961,2.5308149550695163,-0.21429687122291943
0.4719904216454058,-0.5744789356120961,0.7081912848940449,-0.21429687122291943
-0.8481632388966314,-0.5744789356120961,0.7405900715949418,-0.21429687122291943
-0.8481632388966314,-0.5744789356120961,2.3640424811859884,-0.21429687122291943
-0.8481632388966314,1.990212002198984,-0.9851422623077936,-0.21429687122291943
-0.8481632388966314,-0.5744789356120961,1.645477302176425,-0.21429687122291943
-0.8481632388966314,-0.5744789356120961,-1.0943575412353947,-0.21429687122291943
-0.8481632388966314,-0.5744789356120961,-1.0943575412353947,3.5818191332973677
-0.8481632388966314,-0.5744789356120961,-1.233135589009406,-0.21429687122291943
-0.8481632388966314,0.141195203537622,-0.9517962447704743,-0.21429687122291943
-0.8481632388966314,-0.5744789356120961,2.66840434528936,-0.21429687122291943
0.4719904216454058,-0.5744789356120961,1.22348739434943,-0.21429687122291943
-0.8481632388966314,0.07600325144329176,1.0247745291711403,-0.21429687122291943
-0.8481632388966314,-0.5744789356120961,1.2595784793676406,-0.21429687122291943
-0.8481632388966314,0.080089426535885,0.7705485874805434,-0.21429687122291943
-0.8481632388966314,1.9377459295285961,0.11948706765265475,-0.21429687122291943
0.4719904216454058,-0.5744789356120961,-1.0943575412353947,-0.21429687122291943
0.4719904216454058,-0.5744789356120961,-0.9184487439835143,-0.21429687122291943
0.4719904216454058,0.5519280051297808,1.7089682906728205,-0.21429687122291943
-0.8481632388966314,-0.5744789356120961,-0.5859394953862059,-0.21429687122291943
1.7921440821874428,-0.5744789356120961,0.4993066319908761,-0.21429687122291943
0.4719904216454058,-0.5744789356120961,-1.0943575412353947,-0.21429687122291943
-0.8481632388966314,2.0397208974808354,0.0953826345231021,-0.21429687122291943
-0.8481632388966314,1.8992343949977366,-0.57552197450663,3.5818191332973677
-0.8481632388966314,-0.5744789356120961,0.6281277139656397,-0.21429687122291943
-0.8481632388966314,-0.5744789356120961,-1.0943575412353947,3.5818191332973677
-0.8481632388966314,-0.5744789356120961,-1.0943575412353947,7.377935137817655
-0.8481632388966314,-0.5744789356120961,1.1914048843048557,-0.21429687122291943
-0.8481632388966314,-0.5744789356120961,1.2417962083688374,-0.21429687122291943
-0.8481632388966314,0.029749891131121732,-0.07596397060045484,-0.21429687122291943
0.4719904216454058,0.5170961068429967,1.027514992311179,-0.21429687122291943
-0.8481632388966314,-0.5744789356120961,-0.5014603523560597,-0.21429687122291943
0.4719904216454058,-0.5744789356120961,-0.6214431102820657,-0.21429687122291943
1.7921440821874428,0.15185062848758513,-0.9189714613053046,3.5818191332973677
-0.8481632388966314,-0.5744789356120961,-1.0052354770704086,-0.21429687122291943
0.4719904216454058,-0.5744789356120961,-0.5285175851256874,-0.21429687122291943
0.4719904216454058,-0.5744789356120961,-0.5765363078062099,-0.21429687122291943
-0.8481632388966314,-0.5744789356120961,1.2021755578351865,-0.21429687122291943
-0.8481632388966314,0.44385648085757656,0.8975767012757638,-0.21429687122291943
-0.8481632388966314,-0.058849073093577155,0.9086341348466972,-0.21429687122291943
1.7921440821874428,-0.5744789356120961,1.0252005539630868,-0.21429687122291943
-0.8481632388966314,0.4863973505588343,0.4021273647533792,-0.21429687122291943
1.7921440821874428,-0.5744789356120961,-0.5029859834208494,-0.21429687122291943
-0.8481632388966314,-0.5744789356120961,2.675042048023921,-0.21429687122291943
0.4719904216454058,0.45765929179451004,-0.12208660445858674,-0.21429687122291943
-0.8481632388966314,-0.5744789356120961,-0.16691019886999384,-0.21429687122291943
1.7921440821874428,2.4161903045608355,1.427014281783597,-0.21429687122291943
-0.8481632388966314,2.6829154549399137,1.5418381757218533,-0.21429687122291943
0.4719904216454058,-0.5744789356120961,-0.6122866405529822,-0.21429687122291943
1.7921440821874428,-0.5744789356120961,0.0009967232328011483,-0.21429687122291943
-0.8481632388966314,0.8480889003129511,0.6379726563350053,-0.21429687122291943
0.4719904216454058,0.1389886329855565,-0.9231330748827988,-0.21429687122291943
-0.8481632388966314,2.4127970389236877,0.8408905468825726,-0.21429687122291943
-0.8481632388966314,-0.5744789356120961,3.0533936670943023,-0.21429687122291943
0.4719904216454058,-0.5744789356120961,1.3570444734416809,-0.21429687122291943
-0.8481632388966314,-0.5744789356120961,0.747647266483117,-0.21429687122291943
-0.8481632388966314,0.031331316583327155,0.5061340272427848,-0.21429687122291943
1.7921440821874428,-0.5744789356120961,1.2998193434408611,-0.21429687122291943
-0.8481632388966314,-0.5744789356120961,0.37977543733668456,-0.21429687122291943
-0.8481632388966314,-0.5744789356120961,-0.6987696978403865,-0.21429687122291943
1.7921440821874428,-0.5744789356120961,-0.44886723361680697,-0.21429687122291943
1.7921440821874428,-0.5744789356120961,-0.6273708107981645,-0.21429687122291943
0.4719904216454058,-0.5744789356120961,-0.06652936195638094,-0.21429687122291943
-0.8481632388966314,-0.5744789356120961,-0.39927059319482044,-0.21429687122291943
3.11229774272948,-0.5744789356120961,-0.10724345496715104,-0.21429687122291943
-0.8481632388966314,-0.5744789356120961,-0.9404502209390943,-0.21429687122291943
1.7921440821874428,3.337062802297417,-0.601223471339439,-0.21429687122291943
-0.8481632388966314,-0.5744789356120961,-0.7220245509416284,-0.21429687122291943
-0.8481632388966314,0.06413858720950459,-1.0943575412353947,-0.21429687122291943
-0.8481632388966314,-0.02702755441873334,0.9666685522418876,-0.21429687122291943
0.4719904216454058,-0.0976345795949618,1.2144946971789825,-0.21429687122291943
0.4719904216454058,-0.08882703428487258,-0.6284045450753487,-0.21429687122291943
-0.8481632388966314,-0.5744789356120961,-0.6189897134801042,-0.21429687122291943
0.4719904216454058,-0.5744789356120961,0.6712931988993714,-0.21429687122291943
0.4719904216454058,-0.5744789356120961,-1.0943575412353947,-0.21429687122291943
0.4719904216454058,-0.5744789356120961,0.07481078881306354,-0.21429687122291943
1.7921440821874428,-0.5744789356120961,0.07056895224909371,-0.21429687122291943
0.4719904216454058,0.581730052730905,-0.42240694092104764,-0.21429687122291943
1.7921440821874428,-0.5744789356120961,-0.6148051020226379,3.5818191332973677
1.7921440821874428,0.0015164375378115716,2.2573442659247407,-0.21429687122291943
0.4719904216454058,-0.5744789356120961,-0.4948107066794261,-0.21429687122291943
1.7921440821874428,-0.5744789356120961,-0.12329025339247274,-0.21429687122291943
1.7921440821874428,0.0564607588700298,0.31760670076947156,-0.21429687122291943
-0.8481632388966314,-0.5744789356120961,-0.5012568892950491,-0.21429687122291943
-0.8481632388966314,-0.5744789356120961,-1.016748548066502,-0.21429687122291943
-0.8481632388966314,-0.010690354812289254,-1.0943575412353947,-0.21429687122291943
-0.8481632388966314,-0.5744789356120961,-0.544826978887509,-0.21429687122291943
0.4719904216454058,0.17449285744468618,1.288658381131477,-0.21429687122291943
-0.8481632388966314,0.45445853993780116,-0.6459372860749808,-0.21429687122291943
-0.8481632388966314,0.06812537219871527,-0.6225700187295872,-0.21429687122291943
3.11229774272948,-0.5744789356120961,-0.6544918294448562,-0.21429687122291943
0.4719904216454058,-0.07787962689685954,1.0033169982987382,-0.21429687122291943
0.4719904216454058,-0.5744789356120961,1.1214188234852667,-0.21429687122291943
-0.8481632388966314,-0.5744789356120961,1.0839782630870547,-0.21429687122291943
1.7921440821874428,-0.5744789356120961,-0.5671977288658658,-0.21429687122291943
0.4719904216454058,-0.5744789356120961,-0.6189441422070902,-0.21429687122291943
1.7921440821874428,-0.5744789356120961,-1.0943575412353947,-0.21429687122291943
1.7921440821874428,0.9117237564542083,1.9422500391901634,-0.21429687122291943
0.4719904216454058,2.351058867417435,1.2604254914057011,-0.21429687122291943
1.7921440821874428,2.5389148361861036,-0.4770984412660149,-0.21429687122291943
-0.8481632388966314,-0.5744789356120961,0.2587877034770578,-0.21429687122291943
-0.8481632388966314,1.540108916101759,-0.37226424755188525,-0.21429687122291943
-0.8481632388966314,-0.5744789356120961,-0.5963657797388565,-0.21429687122291943
-0.8481632388966314,-0.5744789356120961,-0.5523517816239708,-0.21429687122291943
-0.8481632388966314,-0.5744789356120961,2.4672323944204924,-0.21429687122291943
0.4719904216454058,0.014273334392178092,-0.5443862224202388,-0.21429687122291943
0.4719904216454058,2.4312297078319935,0.8471010962467022,-0.21429687122291943
-0.8481632388966314,-0.5744789356120961,-0.6075817766257582,3.5818191332973677
0.4719904216454058,-0.027080271841407703,0.6338462057497348,-0.21429687122291943
-0.8481632388966314,-0.5744789356120961,0.8123632811520054,-0.21429687122291943
-0.8481632388966314,-0.5744789356120961,0.8648035862404335,-0.21429687122291943
0.4719904216454058,-0.5744789356120961,-1.0943575412353947,-0.21429687122291943
-0.8481632388966314,-0.5744789356120961,0.3701421184272435,-0.21429687122291943
-0.8481632388966314,0.16371189660349944,3.3540797212329285,-0.21429687122291943
-0.8481632388966314,-0.5744789356120961,2.991829944470407,-0.21429687122291943
-0.8481632388966314,-0.5744789356120961,-0.5559759820189848,-0.21429687122291943
0.4719904216454058,0.15693692618352897,-0.6214644700532553,-0.21429687122291943
0.4719904216454058,-0.5744789356120961,-1.0943575412353947,-0.21429687122291943
1.7921440821874428,-0.5744789356120961,-0.11646682693258704,-0.21429687122291943
-0.8481632388966314,-0.5744789356120961,-1.0066156325966027,-0.21429687122291943
-0.8481632388966314,-0.5744789356120961,0.03499901240400884,-0.21429687122291943
-0.8481632388966314,-0.5744789356120961,-1.0943575412353947,-0.21429687122291943
0.4719904216454058,-0.5744789356120961,-1.0943575412353947,-0.21429687122291943
-0.8481632388966314,-0.5744789356120961,-1.0943575412353947,-0.21429687122291943
0.4719904216454058,-0.5744789356120961,-0.32675278798958574,-0.21429687122291943
1.7921440821874428,0.5596394479898639,1.7115620344129074,-0.21429687122291943
0.4719904216454058,-0.5744789356120961,-0.10896175236514513,-0.21429687122291943
-0.8481632388966314,-0.1601521841702038,-0.6518618801442936,-0.21429687122291943
1.7921440821874428,-0.5744789356120961,-0.6325249824461043,-0.21429687122291943
4.432451403271517,-0.04229742433887848,0.020873324297148124,-0.21429687122291943
-0.8481632388966314,-0.09816813045857606,0.7548107428974894,-0.21429687122291943
-0.8481632388966314,-0.06216942195141205,1.2880572294250414,3.5818191332973677
-0.8481632388966314,-0.5744789356120961,-0.15145596812864373,-0.21429687122291943
-0.8481632388966314,0.8221476405057689,-0.6129910513793764,-0.21429687122291943
-0.8481632388966314,4.644742380435822,-0.6146673452997126,-0.21429687122291943
0.4719904216454058,2.405200405849492,-0.5996405495243573,-0.21429687122291943
1.7921440821874428,1.9477093759249027,-0.4803955818751297,-0.21429687122291943
0.4719904216454058,0.09325792170590101,-0.7610131982740764,-0.21429687122291943
-0.8481632388966314,-0.5744789356120961,-1.0832288564608428,-0.21429687122291943
1.7921440821874428,-0.5744789356120961,2.1698171385815628,-0.21429687122291943
-0.8481632388966314,0.8247270467192865,0.722443368739984,-0.21429687122291943
3.11229774272948,-0.5744789356120961,-0.6667891181482254,7.377935137817655
-0.8481632388966314,-0.5744789356120961,-1.0943575412353947,-0.21429687122291943
1.7921440821874428,1.768040897006065,-0.9806729501574671,-0.21429687122291943
-0.8481632388966314,2.583368159991923,-0.8601566920561334,-0.21429687122291943
0.4719904216454058,2.563237135915003,1.0045646297847852,-0.21429687122291943
-0.8481632388966314,0.04436352234042778,1.4695759769632248,-0.21429687122291943
1.7921440821874428,-0.5744789356120961,-1.0943575412353947,-0.21429687122291943
-0.8481632388966314,-0.04647537217109257,0.03607141672561035,-0.21429687122291943
0.4719904216454058,0.6536861488530776,1.2618417208266473,-0.21429687122291943
0.4719904216454058,-0.5744789356120961,-0.6487833111250476,-0.21429687122291943
3.11229774272948,-0.5744789356120961,-0.20961980153249996,-0.21429687122291943
-0.8481632388966314,0.0163592192977925,0.06455980879056772,-0.21429687122291943
-0.8481632388966314,-0.14250612358183298,0.2880329943880144,-0.21429687122291943
-0.8481632388966314,5.164391805756537,0.5782641695965782,-0.21429687122291943
-0.8481632388966314,0.16543387752712244,1.4453253908695354,-0.21429687122291943
1.7921440821874428,1.9352576944118518,-0.4687798373931514,-0.21429687122291943
-0.8481632388966314,-0.15042180700132052,1.074643532262371,3.5818191332973677
-0.8481632388966314,-0.5744789356120961,0.7176888577192599,-0.21429687122291943
0.4719904216454058,-0.5744789356120961,-0.6154750011044222,3.5818191332973677
-0.8481632388966314,-0.5744789356120961,-1.0943575412353947,-0.21429687122291943
0.4719904216454058,0.10780480976776756,-0.2546913635525353,-0.21429687122291943
-0.8481632388966314,-0.04826422623522661,-1.0064835031151222,-0.21429687122291943
-0.8481632388966314,-0.5744789356120961,-0.747533366777802,7.377935137817655
-0.8481632388966314,-0.5744789356120961,-0.5306744655866173,-0.21429687122291943
0.4719904216454058,0.8550968172433783,-1.0943575412353947,-0.21429687122291943
-0.8481632388966314,0.17256713354264697,1.4474683294505486,-0.21429687122291943
0.4719904216454058,-0.5744789356120961,0.5795949729683361,-0.21429687122291943
0.4719904216454058,-0.5744789356120961,0.5665397971491573,-0.21429687122291943
0.4719904216454058,-0.5744789356120961,-1.0943575412353947,-0.21429687122291943
-0.8481632388966314,0.11986493959978116,-0.9578409280212367,-0.21429687122291943
0.4719904216454058,-0.5744789356120961,0.587779222544905,-0.21429687122291943
-0.8481632388966314,-0.5744789356120961,-0.5776919558500089,-0.21429687122291943
-0.8481632388966314,-0.5744789356120961,-1.0943575412353947,-0.21429687122291943
-0.8481632388966314,1.9191286479159175,-0.9898448522549951,-0.21429687122291943
-0.8481632388966314,0.020470229509049868,0.5078294009794101,-0.21429687122291943
-0.8481632388966314,1.9951574711504776,1.4812190531396483,-0.21429687122291943
-0.8481632388966314,-0.5744789356120961,-0.5406885921272928,-0.21429687122291943
-0.8481632388966314,-0.04810502475320156,0.5316489414839624,3.5818191332973677
0.4719904216454058,-0.016490305392010844,0.9478334494750351,-0.21429687122291943
0.4719904216454058,-0.5744789356120961,-0.5376850995921562,-0.21429687122291943
-0.8481632388966314,-0.5744789356120961,2.3644437906782154,-0.21429687122291943
-0.8481632388966314,-0.5744789356120961,0.17709056632250367,-0.21429687122291943
1.7921440821874428,-0.5744789356120961,-0.5847729361828682,-0.21429687122291943
-0.8481632388966314,0.7895784942612551,2.5833135208136517,-0.21429687122291943
-0.8481632388966314,2.526795989952081,-0.6962160049390516,-0.21429687122291943
-0.8481632388966314,-0.06328162624568062,0.8332921481811149,-0.21429687122291943
-0.8481632388966314,-0.03748204551490356,1.246243423695144,-0.21429687122291943
0.4719904216454058,-0.09718298797247696,-0.36254544187055526,-0.21429687122291943
-0.8481632388966314,-0.5744789356120961,0.4127177048066661,-0.21429687122291943
-0.8481632388966314,1.7396496243540451,-1.0127882952999399,-0.21429687122291943
-0.8481632388966314,-0.5744789356120961,-0.9624301397425806,-0.21429687122291943
-0.8481632388966314,-0.5744789356120961,-0.9593893978040926,-0.21429687122291943
-0.8481632388966314,-0.5744789356120961,-0.5823291602042067,-0.21429687122291943
-0.8481632388966314,-0.005661184464623462,-0.7864770122182722,-0.21429687122291943
0.4719904216454058,-0.5744789356120961,-0.9315899186853137,-0.21429687122291943
-0.8481632388966314,0.81455922032484,-1.0943575412353947,3.5818191332973677
0.4719904216454058,-0.5744789356120961,-1.0943575412353947,-0.21429687122291943
0.4719904216454058,-0.5744789356120961,-0.48614315561012367,-0.21429687122291943
0.4719904216454058,-0.5744789356120961,-1.0943575412353947,-0.21429687122291943
0.4719904216454058,-0.5744789356120961,2.348568500013534,-0.21429687122291943
1.7921440821874428,-0.11229515606525069,-0.5820442652126634,-0.21429687122291943
0.4719904216454058,0.9404156070067488,0.6863898802510702,-0.21429687122291943
-0.8481632388966314,1.7053013636955354,-1.0025252755086764,-0.21429687122291943
-0.8481632388966314,1.697652142986073,-0.5056719086632145,-0.21429687122291943
1.7921440821874428,-0.5744789356120961,-0.6385550336396033,-0.21429687122291943
-0.8481632388966314,0.09202416883739188,0.47531034335821354,-0.21429687122291943
0.4719904216454058,-0.5744789356120961,0.012702177455113726,-0.21429687122291943
0.4719904216454058,-0.5744789356120961,-1.0943575412353947,-0.21429687122291943
1.7921440821874428,-0.5744789356120961,-0.1676949111288667,-0.21429687122291943
0.4719904216454058,-0.5744789356120961,-0.6023443891956222,-0.21429687122291943
0.4719904216454058,-0.5744789356120961,-0.6167009670639597,3.5818191332973677
-0.8481632388966314,0.0036786644304895957,1.5395959050627277,-0.21429687122291943
-0.8481632388966314,-0.5744789356120961,1.5618085977883944,-0.21429687122291943
-0.8481632388966314,-0.5744789356120961,-1.0943575412353947,-0.21429687122291943
-0.8481632388966314,-0.5744789356120961,-0.40059970771292014,-0.21429687122291943
0.4719904216454058,-0.5744789356120961,0.15895257500298268,-0.21429687122291943
-0.8481632388966314,-0.5744789356120961,-0.5849652842634881,-0.21429687122291943
0.4719904216454058,-0.5744789356120961,1.062923493175697,-0.21429687122291943
-0.8481632388966314,-0.5744789356120961,-0.5495110857061133,-0.21429687122291943
-0.8481632388966314,-0.5744789356120961,-0.5736146673940492,-0.21429687122291943
1.7921440821874428,-0.5744789356120961,-0.8183187610732732,3.5818191332973677
-0.8481632388966314,0.03874819597289456,0.5252742578089353,-0.21429687122291943
0.4719904216454058,0.009068853203169185,0.9428799195767166,-0.21429687122291943
0.4719904216454058,-0.5744789356120961,0.6037697374326884,-0.21429687122291943
-0.8481632388966314,-0.5744789356120961,-0.9599027160817214,-0.21429687122291943
0.4719904216454058,0.6344342651743857,1.6451339583851585,-0.21429687122291943
0.4719904216454058,-0.05038157357679156,2.5745512866398426,-0.21429687122291943
0.4719904216454058,-0.0423841072744045,1.096648676519408,-0.21429687122291943
0.4719904216454058,-0.5744789356120961,1.486637376010413,-0.21429687122291943
0.4719904216454058,0.7609334638482339,1.0005638587218342,-0.21429687122291943
-0.8481632388966314,1.9331349213009597,-0.951533476444849,-0.21429687122291943
-0.8481632388966314,-0.5744789356120961,2.38859101570084,-0.21429687122291943
-0.8481632388966314,-0.09753414377421861,0.8110644556114589,-0.21429687122291943
-0.8481632388966314,-0.5744789356120961,-0.4730768626889318,-0.21429687122291943
0.4719904216454058,3.253087735799857,-0.6096873610075592,-0.21429687122291943
0.4719904216454058,0.06250943810990166,-0.29466038235573005,-0.21429687122291943
1.7921440821874428,-0.11484105151737237,-0.5832960751581485,-0.21429687122291943
0.4719904216454058,2.392680583754667,0.8657902309664982,-0.21429687122291943
0.4719904216454058,-0.5744789356120961,0.8618415370115309,-0.21429687122291943
0.4719904216454058,-0.5744789356120961,-0.6236916033838334,-0.21429687122291943
0.4719904216454058,-0.5744789356120961,-0.15004862197469435,-0.21429687122291943
-0.8481632388966314,-0.5744789356120961,1.165731956175048,-0.21429687122291943
-0.8481632388966314,-0.5744789356120961,-0.6580941270173176,-0.21429687122291943
-0.8481632388966314,0.09028123139998685,-0.4230161889947546,-0.21429687122291943
0.4719904216454058,1.9059055121881583,-0.7276180834231921,-0.21429687122291943
1.7921440821874428,-0.5744789356120961,-0.6238920810293582,-0.21429687122291943
-0.8481632388966314,0.09993530218824505,-0.9647287162019837,-0.21429687122291943
-0.8481632388966314,0.0020529743055156006,0.9624186234374664,-0.21429687122291943
0.4719904216454058,2.579541113716072,1.0339381685826856,-0.21429687122291943
-0.8481632388966314,-0.5744789356120961,-0.09595440959663039,-0.21429687122291943
-0.8481632388966314,-0.5744789356120961,2.5199268224354046,-0.21429687122291943
0.4719904216454058,-0.5744789356120961,-0.6290642403324129,-0.21429687122291943
-0.8481632388966314,-0.5744789356120961,-1.0943575412353947,7.377935137817655
-0.8481632388966314,-0.5744789356120961,-1.0943575412353947,-0.21429687122291943
0.4719904216454058,-0.5744789356120961,1.7441255555061903,-0.21429687122291943
0.4719904216454058,-0.10195962797794421,3.228391519813283,-0.21429687122291943
-0.8481632388966314,1.9095106835496682,-0.5176640234759184,-0.21429687122291943
0.4719904216454058,-0.5744789356120961,-0.6069116702912029,-0.21429687122291943
-0.8481632388966314,-0.5744789356120961,-0.9814523380807454,-0.21429687122291943
-0.8481632388966314,0.054501876328318176,1.8874487459513902,-0.21429687122291943
-0.8481632388966314,-0.5744789356120961,-0.4109060758039798,-0.21429687122291943
-0.8481632388966314,0.014859189292333317,-0.4714474536370591,-0.21429687122291943
-0.8481632388966314,-0.5744789356120961,0.6466675573042944,-0.21429687122291943
-0.8481632388966314,-0.5744789356120961,-0.407005155280521,-0.21429687122291943
1.7921440821874428,-0.5744789356120961,-0.002044184476530378,-0.21429687122291943
0.4719904216454058,-0.5744789356120961,-0.40890567437512226,3.5818191332973677
-0.8481632388966314,-0.5744789356120961,-1.0943575412353947,-0.21429687122291943
-0.8481632388966314,-0.5744789356120961,-0.7700491132524944,3.5818191332973677
-0.8481632388966314,-0.5744789356120961,0.6073000027628177,-0.21429687122291943
1.7921440821874428,-0.5744789356120961,1.1822608622697364,-0.21429687122291943
0.4719904216454058,0.006482837451507849,0.5155568964957051,-0.21429687122291943
0.4719904216454058,-0.5744789356120961,-0.9659499263609904,-0.21429687122291943
0.4719904216454058,-0.5744789356120961,0.05608833501578279,-0.21429687122291943
1.7921440821874428,-0.08395308424693276,-0.727707883431906,3.5818191332973677
1.7921440821874428,-0.07960975652798394,-0.17115422062802854,-0.21429687122291943
0.4719904216454058,-0.003253447833240808,0.9277903699925395,-0.21429687122291943
1.7921440821874428,-0.5744789356120961,0.7212130051935569,-0.21429687122291943
-0.8481632388966314,-0.5744789356120961,1.0812841222774412,-0.21429687122291943
0.4719904216454058,-0.5744789356120961,-1.0943575412353947,-0.21429687122291943
-0.8481632388966314,-0.5744789356120961,-1.0943575412353947,-0.21429687122291943
0.4719904216454058,-0.5744789356120961,0.23240775213262982,-0.21429687122291943
0.4719904216454058,2.0193549647219022,1.6289281659110206,-0.21429687122291943
1.7921440821874428,-0.5744789356120961,-0.2833200901634812,-0.21429687122291943
0.4719904216454058,-0.5744789356120961,-1.0943575412353947,-0.21429687122291943
1.7921440821874428,-0.5744789356120961,-0.002130368694805503,-0.21429687122291943
1.7921440821874428,0.7863659415602953,0.6595260714600264,-0.21429687122291943
0.4719904216454058,-0.5744789356120961,-0.11623517174759314,-0.21429687122291943
0.4719904216454058,-0.5744789356120961,0.31670324782918113,-0.21429687122291943
1.7921440821874428,-0.5744789356120961,-0.5200870211499229,-0.21429687122291943
0.4719904216454058,-0.5744789356120961,-1.0943575412353947,-0.21429687122291943
0.4719904216454058,-0.5744789356120961,-1.0943575412353947,-0.21429687122291943
0.4719904216454058,-0.5744789356120961,-0.5847494058057333,-0.21429687122291943
3.11229774272948,0.0422778076848376,-0.45035887867992963,-0.21429687122291943
-0.8481632388966314,-0.5744789356120961,-0.6303515011701301,-0.21429687122291943
0.4719904216454058,2.1121089593988787,0.31537900878611164,-0.21429687122291943
-0.8481632388966314,-0.5744789356120961,-0.1370341219384467,3.5818191332973677
1.7921440821874428,0.6715835001615328,0.1342395886054937,-0.21429687122291943
1.7921440821874428,-0.5744789356120961,-0.6235977237826977,-0.21429687122291943
-0.8481632388966314,-0.5744789356120961,-0.5647717423854974,-0.21429687122291943
0.4719904216454058,0.6704551819189455,0.5906529525253771,-0.21429687122291943
-0.8481632388966314,0.10418548978868765,0.7151517537160325,-0.21429687122291943
1.7921440821874428,1.929109217264835,-0.10003367025323541,-0.21429687122291943
0.4719904216454058,-0.05278072417269909,-0.5572128934594288,-0.21429687122291943
0.4719904216454058,-0.5744789356120961,-1.0943575412353947,-0.21429687122291943
1.7921440821874428,-0.033261470573396,-0.6824334601792332,-0.21429687122291943
0.4719904216454058,-0.5744789356120961,-1.0943575412353947,-0.21429687122291943
-0.8481632388966314,0.14385284570604412,0.6815703268654696,-0.21429687122291943
0.4719904216454058,-0.17004164320333837,-0.6294635908219319,-0.21429687122291943
-0.8481632388966314,-0.5744789356120961,1.4612549206915204,-0.21429687122291943
0.4719904216454058,2.0188255265150716,-1.0916596348571843,-0.21429687122291943
1.7921440821874428,-0.5744789356120961,1.083891189342641,-0.21429687122291943
0.4719904216454058,-0.5744789356120961,0.21671346737446653,-0.21429687122291943
-0.8481632388966314,0.023531724348339875,0.5165830429587983,-0.21429687122291943
0.4719904216454058,-0.5744789356120961,-1.0971009767617377,-0.21429687122291943
-0.8481632388966314,-0.5744789356120961,-1.0943575412353947,-0.21429687122291943
0.4719904216454058,-0.5744789356120961,0.8222419196070889,-0.21429687122291943
0.4719904216454058,-0.5744789356120961,-0.6281311131755049,3.5818191332973677
0.4719904216454058,-0.5744789356120961,0.04092073879923549,-0.21429687122291943
0.4719904216454058,-0.5744789356120961,-1.0943575412353947,-0.21429687122291943
-0.8481632388966314,-0.5744789356120961,-1.0943575412353947,-0.21429687122291943
-0.8481632388966314,-0.5744789356120961,-0.6286690545228151,-0.21429687122291943
0.4719904216454058,-0.14618953443987592,0.29160538110301726,-0.21429687122291943
0.4719904216454058,1.257903309037297,-0.3530307054824958,-0.21429687122291943
1.7921440821874428,-0.5744789356120961,0.34415470985407304,-0.21429687122291943
0.4719904216454058,-0.5744789356120961,-0.11055363640132618,-0.21429687122291943
0.4719904216454058,-0.5744789356120961,-0.8284751512681441,-0.21429687122291943
0.4719904216454058,-0.5744789356120961,-0.4667077301060978,-0.21429687122291943
-0.8481632388966314,0.46211343086161066,0.4563000404962902,-0.21429687122291943
-0.8481632388966314,-0.5744789356120961,1.5404560408910295,-0.21429687122291943
-0.8481632388966314,-0.5744789356120961,-0.6131653729502421,-0.21429687122291943
1.7921440821874428,-0.5744789356120961,0.5921709813339499,-0.21429687122291943
1.7921440821874428,0.7987252207188327,1.5908926322123802,-0.21429687122291943
0.4719904216454058,-0.01678687974194694,0.9106300742470252,-0.21429687122291943
0.4719904216454058,-0.5744789356120961,0.5321116330013571,-0.21429687122291943
0.4719904216454058,-0.5744789356120961,-0.5037371198709754,-0.21429687122291943
-0.8481632388966314,0.046632521048102636,-0.9428853087483161,-0.21429687122291943
0.4719904216454058,0.7461180391450234,-0.3362832313161621,-0.21429687122291943
0.4719904216454058,2.6203504248707388,-0.015571482465660983,-0.21429687122291943
-0.8481632388966314,-0.5744789356120961,3.0336703722984435,-0.21429687122291943
-0.8481632388966314,-0.05782228278045176,-0.0559243636275885,-0.21429687122291943
0.4719904216454058,-0.5744789356120961,1.4324983302532235,-0.21429687122291943
-0.8481632388966314,-0.5744789356120961,0.14027393523495554,-0.21429687122291943
0.4719904216454058,-0.1641227336474078,0.05259907000101207,-0.21429687122291943
-0.8481632388966314,2.476596528415367,1.0206500635100781,-0.21429687122291943
-0.8481632388966314,2.8186496682760915,1.354629491714334,-0.21429687122291943
-0.8481632388966314,-0.5744789356120961,0.039586764283422,-0.21429687122291943
-0.8481632388966314,2.5216470049436026,0.6072047187125633,-0.21429687122291943
-0.8481632388966314,4.735619107583181,0.22656399194770485,-0.21429687122291943
0.4719904216454058,-0.5744789356120961,0.06519679264149042,-0.21429687122291943
0.4719904216454058,0.07278689708204863,-0.9768171352466491,-0.21429687122291943
-0.8481632388966314,-0.5744789356120961,-1.0943575412353947,-0.21429687122291943
-0.8481632388966314,-0.5744789356120961,-1.0943575412353947,-0.21429687122291943
0.4719904216454058,-0.5744789356120961,1.302916356589724,-0.21429687122291943
-0.8481632388966314,-0.5744789356120961,-0.6245268861441463,-0.21429687122291943
-0.8481632388966314,-0.5744789356120961,-0.8335778552660561,-0.21429687122291943
0.4719904216454058,-0.5744789356120961,1.1096147724005234,-0.21429687122291943
0.4719904216454058,1.9528570072345892,0.2726723156325455,-0.21429687122291943
-0.8481632388966314,-0.5744789356120961,0.6930155743224449,-0.21429687122291943
1.7921440821874428,0.049527683388604235,1.0684820568537905,-0.21429687122291943
1.7921440821874428,-0.5744789356120961,-0.2149471343368576,-0.21429687122291943
-0.8481632388966314,-0.5744789356120961,-1.0943575412353947,-0.21429687122291943
-0.8481632388966314,0.6097475622678885,-1.0102216886330229,-0.21429687122291943
-0.8481632388966314,0.02947333394678927,1.0164013310614723,-0.21429687122291943
3.11229774272948,-0.5744789356120961,-0.7025917308359666,-0.21429687122291943
1.7921440821874428,0.14074244234156683,-0.05377024391449324,-0.21429687122291943
1.7921440821874428,-0.5744789356120961,-1.0943575412353947,-0.21429687122291943
0.4719904216454058,-0.10674699199670937,-0.6330922252139891,-0.21429687122291943
-0.8481632388966314,-0.5744789356120961,-1.0943575412353947,-0.21429687122291943
-0.8481632388966314,0.5147628325697259,0.6963627654358877,-0.21429687122291943
-0.8481632388966314,0.5438866134669291,0.729246030178445,-0.21429687122291943
0.4719904216454058,-0.5744789356120961,0.5936688229437912,-0.21429687122291943
-0.8481632388966314,-0.5744789356120961,-0.6231677903111935,-0.21429687122291943
-0.8481632388966314,-0.5744789356120961,-0.6293369612321795,-0.21429687122291943
-0.8481632388966314,-0.0443011107528055,0.24604096303844003,-0.21429687122291943
-0.8481632388966314,-0.5744789356120961,-0.6210715864776873,-0.21429687122291943
-0.8481632388966314,0.042983207154463264,1.5046677897608847,-0.21429687122291943
0.4719904216454058,1.9872995760948549,-0.07671970379724473,-0.21429687122291943
1.7921440821874428,2.105201787733127,-0.455034865418749,-0.21429687122291943
1.7921440821874428,-0.5744789356120961,-0.12571264782626695,-0.21429687122291943
1.7921440821874428,1.8859464368139292,-0.5432732902153327,-0.21429687122291943
0.4719904216454058,-0.5744789356120961,-0.32706325650581974,-0.21429687122291943
0.4719904216454058,-0.008502159235279642,-0.2176180081200393,-0.21429687122291943
-0.8481632388966314,1.9454405123356489,-0.5371689102289431,-0.21429687122291943
1.7921440821874428,-0.5744789356120961,1.0137657481802467,3.5818191332973677
-0.8481632388966314,-0.5744789356120961,-0.4105959131906583,-0.21429687122291943
-0.8481632388966314,0.1732440000922647,1.4713396867340385,-0.21429687122291943
0.4719904216454058,0.7033353336298988,0.6973609670070681,-0.21429687122291943
-0.8481632388966314,-0.07309388675412334,-0.6606272550100737,-0.21429687122291943
1.7921440821874428,2.4481124836255614,1.5285397860753849,-0.21429687122291943
1.7921440821874428,-0.5744789356120961,-1.0943575412353947,-0.21429687122291943
0.4719904216454058,-0.5744789356120961,-0.6012278938917789,-0.21429687122291943
1.7921440821874428,1.9505682214613418,1.8525633919810023,-0.21429687122291943
-0.8481632388966314,-0.5744789356120961,-1.0943575412353947,-0.21429687122291943
0.4719904216454058,-0.5744789356120961,-0.5897444950001017,-0.21429687122291943
1.7921440821874428,2.03555770563204,-1.0339629980678393,-0.21429687122291943
1.7921440821874428,0.0759350559637573,0.4480228688020307,-0.21429687122291943
-0.8481632388966314,0.0617620019098827,1.4866864779099624,-0.21429687122291943
-0.8481632388966314,-0.5744789356120961,-1.0943575412353947,-0.21429687122291943
-0.8481632388966314,-0.5744789356120961,0.9842876534483614,-0.21429687122291943
-0.8481632388966314,-0.5744789356120961,0.9960282772695992,-0.21429687122291943
-0.8481632388966314,-0.5744789356120961,1.002140654284663,-0.21429687122291943
-0.8481632388966314,-0.5744789356120961,-1.0943575412353947,-0.21429687122291943
-0.8481632388966314,0.06156690391476846,0.593445743088715,-0.21429687122291943
-0.8481632388966314,0.021666344633167234,0.45402431685281414,-0.21429687122291943
-0.8481632388966314,-0.06333787081329788,2.0560758349482913,-0.21429687122291943
-0.8481632388966314,0.07644254841644323,1.9226673154203822,-0.21429687122291943
-0.8481632388966314,-0.5744789356120961,-1.0943575412353947,-0.21429687122291943
0.4719904216454058,-0.5744789356120961,-1.0943575412353947,-0.21429687122291943
0.4719904216454058,-0.5744789356120961,-0.8936960735452838,-0.21429687122291943
1.7921440821874428,-0.5744789356120961,-0.6006435469838964,-0.21429687122291943
1.7921440821874428,1.9329033208615423,1.5725265812511053,-0.21429687122291943
1.7921440821874428,-0.5744789356120961,-0.1267298450355268,-0.21429687122291943
1.7921440821874428,-0.5744789356120961,-0.2114266103941585,-0.21429687122291943
1.7921440821874428,-0.5744789356120961,-0.12411696405727868,-0.21429687122291943
0.4719904216454058,-0.5744789356120961,-0.6165291105448132,-0.21429687122291943
-0.8481632388966314,-0.5744789356120961,-1.0943575412353947,-0.21429687122291943
-0.8481632388966314,-0.5744789356120961,1.0034847923145385,-0.21429687122291943
-0.8481632388966314,-0.5744789356120961,-0.6467965610507128,-0.21429687122291943
0.4719904216454058,-0.5744789356120961,-0.15234180609441778,-0.21429687122291943
1.7921440821874428,-0.5744789356120961,-0.41103854244787846,-0.21429687122291943
-0.8481632388966314,-0.0028039935756019145,1.466898695659642,-0.21429687122291943
-0.8481632388966314,-0.5744789356120961,-0.34960480143051575,3.5818191332973677
0.4719904216454058,4.4631122186472725,1.0871458446806683,-0.21429687122291943
-0.8481632388966314,0.004373048767411586,0.11609158512420381,-0.21429687122291943
1.7921440821874428,-0.5744789356120961,-0.6533778020640365,-0.21429687122291943
-0.8481632388966314,-0.5744789356120961,-0.6227664959853441,-0.21429687122291943
0.4719904216454058,0.574151296515514,2.1618870724845776,-0.21429687122291943
0.4719904216454058,0.1756411671073137,-0.15271610614556544,-0.21429687122291943
-0.8481632388966314,-0.5744789356120961,0.5357692488545663,-0.21429687122291943
-0.8481632388966314,-0.5744789356120961,-1.0943575412353947,-0.21429687122291943
-0.8481632388966314,-0.5744789356120961,-1.0943575412353947,-0.21429687122291943
0.4719904216454058,-0.5744789356120961,0.6953123128962617,-0.21429687122291943
-0.8481632388966314,-0.5744789356120961,-0.6065856053946742,-0.21429687122291943
0.4719904216454058,0.053228510032841646,1.675487202632747,-0.21429687122291943
1.7921440821874428,-0.5744789356120961,-0.15512421345459293,-0.21429687122291943
0.4719904216454058,-0.5744789356120961,0.4945798763877705,-0.21429687122291943
0.4719904216454058,-0.5744789356120961,1.5973264676044834,-0.21429687122291943
-0.8481632388966314,-0.5744789356120961,-0.7845490241011412,-0.21429687122291943
-0.8481632388966314,-0.5744789356120961,-1.0943575412353947,-0.21429687122291943
-0.8481632388966314,-0.5744789356120961,1.627468874314853,-0.21429687122291943
0.4719904216454058,-0.5744789356120961,2.733389494093126,-0.21429687122291943
-0.8481632388966314,-0.5744789356120961,-1.0943575412353947,-0.21429687122291943
-0.8481632388966314,-0.5744789356120961,-1.0943575412353947,-0.21429687122291943
-0.8481632388966314,-0.5744789356120961,-0.5983657833153895,-0.21429687122291943
-0.8481632388966314,-0.5744789356120961,1.7832021892553105,-0.21429687122291943
0.4719904216454058,-0.5744789356120961,-0.518222852107599,-0.21429687122291943
-0.8481632388966314,0.15033435977823625,1.046432753343813,-0.21429687122291943
0.4719904216454058,-0.5744789356120961,-0.5965055210141333,-0.21429687122291943
-0.8481632388966314,-0.5744789356120961,-0.6634759660550591,-0.21429687122291943
-0.8481632388966314,-0.5744789356120961,-1.0943575412353947,-0.21429687122291943
0.4719904216454058,1.8928026492421743,-0.5091357684788373,-0.21429687122291943
-0.8481632388966314,-0.5744789356120961,-1.0943575412353947,-0.21429687122291943
-0.8481632388966314,-0.5744789356120961,-1.0943575412353947,-0.21429687122291943
-0.8481632388966314,-0.06900563555722818,-0.28913306992742577,-0.21429687122291943
-0.8481632388966314,-0.5744789356120961,-0.9579172552459754,-0.21429687122291943
-0.8481632388966314,0.03439932671501634,-0.7742936757360639,-0.21429687122291943
-0.8481632388966314,-0.5744789356120961,-0.6498950116448796,-0.21429687122291943
-0.8481632388966314,-0.5744789356120961,-0.31948195217484465,-0.21429687122291943
0.4719904216454058,-0.5744789356120961,0.0832543597613714,-0.21429687122291943
-0.8481632388966314,-0.5744789356120961,0.7758415304158076,-0.21429687122291943
-0.8481632388966314,-0.5744789356120961,2.115390985417679,-0.21429687122291943
3.11229774272948,-0.5744789356120961,-0.5519551158688457,-0.21429687122291943
1.7921440821874428,-0.5744789356120961,1.0051035288112522,-0.21429687122291943
0.4719904216454058,-0.00179156903479001,-0.32241362849563,-0.21429687122291943
0.4719904216454058,-0.5744789356120961,-0.6041033403523225,-0.21429687122291943
-0.8481632388966314,-0.5744789356120961,0.4994466589849104,-0.21429687122291943
-0.8481632388966314,2.046280915765667,0.6756546851484808,-0.21429687122291943
-0.8481632388966314,0.7440387034237381,-0.9685777000226024,-0.21429687122291943
-0.8481632388966314,2.653240238219801,0.35120041556089293,-0.21429687122291943
-0.8481632388966314,-0.5744789356120961,0.9377522994937577,-0.21429687122291943
-0.8481632388966314,-0.5744789356120961,-0.6009055610284827,-0.21429687122291943
-0.8481632388966314,0.056898604802540234,2.6905196642408553,-0.21429687122291943
1.7921440821874428,-0.5744789356120961,-0.5685550578894537,-0.21429687122291943
-0.8481632388966314,0.14658454706808874,-0.7425048746307258,-0.21429687122291943
0.4719904216454058,0.002449387446798646,0.5164839235766726,-0.21429687122291943
-0.8481632388966314,-0.5744789356120961,0.7102172012365972,-0.21429687122291943
1.7921440821874428,-0.5744789356120961,-1.0943575412353947,-0.21429687122291943
-0.8481632388966314,-0.5744789356120961,-0.3824195683882962,7.377935137817655
-0.8481632388966314,-0.5744789356120961,0.8904940951851203,-0.21429687122291943
-0.8481632388966314,-0.5744789356120961,0.22843727992179502,-0.21429687122291943
-0.8481632388966314,-0.5744789356120961,0.49233633436186797,-0.21429687122291943
-0.8481632388966314,0.018237636055032393,-0.623353622315976,-0.21429687122291943
-0.8481632388966314,2.0644078177369276,-0.5481201939674907,-0.21429687122291943
-0.8481632388966314,-0.5744789356120961,-0.6711707311242494,-0.21429687122291943
-0.8481632388966314,-0.5744789356120961,-0.5992174224985605,-0.21429687122291943
-0.8481632388966314,-0.5744789356120961,-1.0943575412353947,-0.21429687122291943
-0.8481632388966314,-0.017737277876279604,-0.7808335238397532,-0.21429687122291943
0.4719904216454058,-0.5744789356120961,-0.5716346315707795,-0.21429687122291943
0.4719904216454058,-0.09479713510781976,-0.8080812918795367,-0.21429687122291943
0.4719904216454058,-0.5744789356120961,-0.18241545422237734,-0.21429687122291943
0.4719904216454058,0.06006630465490392,-0.6316989861103202,-0.21429687122291943
-0.8481632388966314,4.245224967995455,0.4618629081408894,-0.21429687122291943
-0.8481632388966314,2.48777885002345,-0.5718736097652125,-0.21429687122291943
-0.8481632388966314,-0.00932985910724333,0.9366003623901472,-0.21429687122291943
0.4719904216454058,-0.5744789356120961,-0.6136374552391002,-0.21429687122291943
-0.8481632388966314,-0.5744789356120961,-0.5642757490507895,-0.21429687122291943
0.4719904216454058,-0.5744789356120961,-0.6031161241344527,-0.21429687122291943
0.4719904216454058,0.07927489441956698,1.1307220430470064,-0.21429687122291943
0.4719904216454058,-0.5744789356120961,3.332343234792149,-0.21429687122291943
-0.8481632388966314,-0.06411662200164574,-1.019814313932042,-0.21429687122291943
-0.8481632388966314,2.2601861946460042,-1.0943575412353947,-0.21429687122291943
0.4719904216454058,-0.5744789356120961,0.04362890465182428,-0.21429687122291943
-0.8481632388966314,-0.5744789356120961,0.30602721779582254,-0.21429687122291943
-0.8481632388966314,2.5393022631046867,-0.7146723006056453,-0.21429687122291943
0.4719904216454058,-0.5744789356120961,-0.6137967642680453,-0.21429687122291943
0.4719904216454058,-0.5744789356120961,1.2757395012674484,-0.21429687122291943
-0.8481632388966314,-0.5744789356120961,-1.0943575412353947,-0.21429687122291943
-0.8481632388966314,-0.5744789356120961,-1.0943575412353947,-0.21429687122291943
-0.8481632388966314,-0.5744789356120961,-1.0943575412353947,-0.21429687122291943
-0.8481632388966314,-0.5744789356120961,-0.4959390974649564,-0.21429687122291943
0.4719904216454058,0.02169155925476821,-0.5449497278172096,-0.21429687122291943
-0.8481632388966314,-0.5744789356120961,1.6227162484895874,-0.21429687122291943
-0.8481632388966314,0.5369941974502388,-1.1023368630711836,-0.21429687122291943
0.4719904216454058,-0.5744789356120961,-0.20247738107934832,-0.21429687122291943
0.4719904216454058,-0.5744789356120961,-0.6511151915945587,-0.21429687122291943
-0.8481632388966314,-0.5744789356120961,0.12813768721454988,-0.21429687122291943
0.4719904216454058,-0.5744789356120961,-0.5521282997405231,-0.21429687122291943
-0.8481632388966314,0.08289196643000366,0.2418386141367822,-0.21429687122291943
-0.8481632388966314,-0.5744789356120961,-0.6079802609349366,-0.21429687122291943
-0.8481632388966314,-0.5744789356120961,-0.13802038050264465,-0.21429687122291943
-0.8481632388966314,-0.5744789356120961,-0.6370951685656004,-0.21429687122291943
-0.8481632388966314,0.1173610573551434,-1.1224627968270515,-0.21429687122291943
-0.8481632388966314,0.03819015922790109,-0.9112638871795924,-0.21429687122291943
0.4719904216454058,1.9287263129924848,-1.020535636494404,-0.21429687122291943
-0.8481632388966314,-0.06806526076516996,1.0275185142806722,-0.21429687122291943
-0.8481632388966314,0.07195150023741821,1.207307252064885,-0.21429687122291943
-0.8481632388966314,-0.02640163452407557,-0.3263870672057455,-0.21429687122291943
-0.8481632388966314,-0.5744789356120961,0.9691592286971298,-0.21429687122291943
-0.8481632388966314,-0.5744789356120961,-1.0943575412353947,3.5818191332973677
0.4719904216454058,-0.5744789356120961,-0.4690300760269822,-0.21429687122291943
-0.8481632388966314,-0.5744789356120961,-0.4431984164789833,-0.21429687122291943
-0.8481632388966314,-0.5744789356120961,-1.0943575412353947,-0.21429687122291943
-0.8481632388966314,-0.056313941162542513,0.40516553028507013,-0.21429687122291943
0.4719904216454058,-0.18108693907669948,0.3017388557893078,-0.21429687122291943
-0.8481632388966314,-0.5744789356120961,0.7221417466328104,-0.21429687122291943
-0.8481632388966314,-0.5744789356120961,0.758391432461669,-0.21429687122291943
0.4719904216454058,-0.5744789356120961,-0.42874685983365735,-0.21429687122291943
0.4719904216454058,0.16122977747781633,-0.04414780467597808,-0.21429687122291943
0.4719904216454058,0.8632602670202899,0.7296729088212437,-0.21429687122291943
0.4719904216454058,1.9035148613572264,-0.020275672290789,-0.21429687122291943
0.4719904216454058,-0.5744789356120961,-0.014925568566830241,-0.21429687122291943
0.4719904216454058,-0.5744789356120961,-0.003326605964077728,-0.21429687122291943
1.7921440821874428,0.20448148163436283,-0.2709865706774059,-0.21429687122291943
-0.8481632388966314,0.014926517578077862,1.6553979153570384,-0.21429687122291943
-0.8481632388966314,-0.5744789356120961,-1.0943575412353947,-0.21429687122291943
0.4719904216454058,-0.5744789356120961,-0.5802005185076068,-0.21429687122291943
-0.8481632388966314,-0.5744789356120961,1.2702524899904626,-0.21429687122291943
-0.8481632388966314,-0.5744789356120961,-0.5708078649523477,-0.21429687122291943
0.4719904216454058,1.9527179008051339,0.6391095821382702,3.5818191332973677
1.7921440821874428,-0.5744789356120961,-0.6182689801898216,-0.21429687122291943
1.7921440821874428,-0.5744789356120961,-0.6365220729748102,-0.21429687122291943
1.7921440821874428,-0.5744789356120961,-0.6364849917338,-0.21429687122291943
0.4719904216454058,2.619326664443953,-0.10406120211192435,-0.21429687122291943
0.4719904216454058,-0.5744789356120961,0.04649933122544666,-0.21429687122291943
-0.8481632388966314,-0.5744789356120961,0.6571135835894722,-0.21429687122291943
-0.8481632388966314,-0.5744789356120961,-1.0943575412353947,-0.21429687122291943
0.4719904216454058,-0.5744789356120961,-0.6443835232333196,-0.21429687122291943
-0.8481632388966314,-0.5744789356120961,0.7580583783314528,-0.21429687122291943
-0.8481632388966314,-0.06188416248984123,0.7449363894654086,-0.21429687122291943
-0.8481632388966314,0.15077316562993998,-0.39118356714458646,-0.21429687122291943
-0.8481632388966314,-0.5744789356120961,0.726723130618961,-0.21429687122291943
3.11229774272948,-0.5744789356120961,-0.9028518216934613,-0.21429687122291943
-0.8481632388966314,-0.5744789356120961,0.4590054165731403,-0.21429687122291943
0.4719904216454058,-0.5744789356120961,1.1722505755466468,-0.21429687122291943
-0.8481632388966314,0.6395846013158549,-1.0943575412353947,-0.21429687122291943
0.4719904216454058,0.8474707180564047,-0.6259732817079012,-0.21429687122291943
1.7921440821874428,-0.5744789356120961,-0.05064976978209491,-0.21429687122291943
-0.8481632388966314,-0.5744789356120961,0.6847081202508922,-0.21429687122291943
-0.8481632388966314,0.0916920702820605,0.425044050874193,-0.21429687122291943
0.4719904216454058,-0.5744789356120961,-0.5480561737059847,3.5818191332973677
-0.8481632388966314,0.11574454623836963,-0.7507516087107949,-0.21429687122291943
-0.8481632388966314,-0.5744789356120961,-1.0943575412353947,-0.21429687122291943
0.4719904216454058,1.1833391551061705,-0.27234643543097736,-0.21429687122291943
1.7921440821874428,-0.5744789356120961,-0.38216183706001433,-0.21429687122291943
0.4719904216454058,-0.5744789356120961,0.5816584690829576,-0.21429687122291943
-0.8481632388966314,0.19947280187329824,-0.11379431268299244,-0.21429687122291943
-0.8481632388966314,1.8970859168844592,0.1500259305594623,-0.21429687122291943
-0.8481632388966314,2.900995209019319,0.6805154412087934,-0.21429687122291943
-0.8481632388966314,4.495080273569053,0.44972019384487283,-0.21429687122291943
-0.8481632388966314,2.01839445022987,-0.9534246969785303,-0.21429687122291943
-0.8481632388966314,-0.5744789356120961,-1.0943575412353947,-0.21429687122291943
0.4719904216454058,0.03134964111417409,-0.06957537667102914,-0.21429687122291943
-0.8481632388966314,1.6384202972093351,0.3980968324173259,-0.21429687122291943
-0.8481632388966314,0.009197853774627784,0.9136234105329447,-0.21429687122291943
-0.8481632388966314,0.12961248766224145,1.3366911912994215,-0.21429687122291943
0.4719904216454058,-0.5744789356120961,-1.0943575412353947,-0.21429687122291943
-0.8481632388966314,-0.011296599592118794,-0.40038143423750766,-0.21429687122291943
0.4719904216454058,-0.5744789356120961,0.7781578318497464,-0.21429687122291943
-0.8481632388966314,0.6771501683215849,0.45974658706462423,-0.21429687122291943
-0.8481632388966314,1.0572063423598839,0.7137323492143508,-0.21429687122291943
-0.8481632388966314,1.939260417083105,2.00629543960523,-0.21429687122291943
-0.8481632388966314,-0.5744789356120961,1.8810240418384043,-0.21429687122291943
0.4719904216454058,-0.5744789356120961,-0.6297197297725973,-0.21429687122291943
0.4719904216454058,2.1243308254678275,-0.4581040182096446,-0.21429687122291943
0.4719904216454058,0.14682519657748083,-0.9615377072668932,-0.21429687122291943
1.7921440821874428,0.06365421471506372,-1.0943575412353947,-0.21429687122291943
0.4719904216454058,-0.5744789356120961,-0.3871286387883111,-0.21429687122291943
0.4719904216454058,-0.5744789356120961,-1.0943575412353947,-0.21429687122291943
1.7921440821874428,-0.5744789356120961,0.26101617678022776,-0.21429687122291943
-0.8481632388966314,-0.5744789356120961,-1.0943575412353947,3.5818191332973677
0.4719904216454058,1.8694978163228244,-0.5419882725488553,-0.21429687122291943
1.7921440821874428,-0.5744789356120961,-0.591970932886007,-0.21429687122291943
0.4719904216454058,-0.5744789356120961,-0.6090577950295586,-0.21429687122291943
-0.8481632388966314,-0.5744789356120961,-1.0943575412353947,-0.21429687122291943
0.4719904216454058,-0.2137054509012053,-0.7797101114529507,3.5818191332973677
-0.8481632388966314,1.9630365990349252,-0.5384880080192198,-0.21429687122291943
0.4719904216454058,1.8475412303552883,-0.5804955501909543,-0.21429687122291943
-0.8481632388966314,-0.5744789356120961,-0.6562860142317483,-0.21429687122291943
0.4719904216454058,1.888363448368159,-0.572273625219403,-0.21429687122291943
0.4719904216454058,0.7219879603554558,-0.6641072290844501,-0.21429687122291943
-0.8481632388966314,2.4862693516024073,-0.9064728113845512,-0.21429687122291943
-0.8481632388966314,0.021745002197763045,-0.9664248945685456,-0.21429687122291943
-0.8481632388966314,-0.5744789356120961,-0.5404626972158418,3.5818191332973677
-0.8481632388966314,-0.5744789356120961,-0.13813817694745664,-0.21429687122291943
-0.8481632388966314,-0.5744789356120961,0.03665321722662139,-0.21429687122291943
-0.8481632388966314,1.933890497633438,-0.5016571960762652,-0.21429687122291943
0.4719904216454058,-0.5744789356120961,-0.7852233013701041,-0.21429687122291943
1.7921440821874428,2.122873909972493,0.5270725695138762,-0.21429687122291943
1.7921440821874428,-0.5744789356120961,-0.16719485894038624,-0.21429687122291943
0.4719904216454058,-0.5744789356120961,-0.6203958621816946,-0.21429687122291943
0.4719904216454058,-0.5744789356120961,-0.6167971511262268,-0.21429687122291943
0.4719904216454058,-0.5744789356120961,-0.20129647858731262,-0.21429687122291943
0.4719904216454058,-0.5744789356120961,-0.69017065123869,-0.21429687122291943
-0.8481632388966314,-0.5744789356120961,-1.0943575412353947,-0.21429687122291943
1.7921440821874428,-0.5744789356120961,1.1302582216852337,-0.21429687122291943
-0.8481632388966314,-0.5744789356120961,1.803437883558192,-0.21429687122291943
0.4719904216454058,4.3133125138149895,1.19432975997776,-0.21429687122291943
0.4719904216454058,2.282170568947999,0.624010879180139,3.5818191332973677
0.4719904216454058,1.9533883856847047,-0.9941039612194678,-0.21429687122291943
0.4719904216454058,-0.5744789356120961,0.4971058505253816,-0.21429687122291943
-0.8481632388966314,1.8813227889599335,-0.6259516016165605,-0.21429687122291943
-0.8481632388966314,0.890860544539202,-0.6070678018352044,-0.21429687122291943
1.7921440821874428,-0.5744789356120961,0.6542985361232951,-0.21429687122291943
-0.8481632388966314,-0.5744789356120961,-0.14157301282679136,-0.21429687122291943
0.4719904216454058,0.0028410679632216527,-0.697124399486404,3.5818191332973677
0.4719904216454058,1.9710180923594234,-0.9786724877276565,-0.21429687122291943
1.7921440821874428,-0.5744789356120961,1.1105956069969103,-0.21429687122291943
-0.8481632388966314,1.8752280626932476,-1.0082580557624685,-0.21429687122291943
-0.8481632388966314,-0.5744789356120961,2.0777207009657936,-0.21429687122291943
-0.8481632388966314,-0.5744789356120961,-1.0943575412353947,-0.21429687122291943
-0.8481632388966314,-0.5744789356120961,-1.0018845428434429,-0.21429687122291943
-0.8481632388966314,-0.5744789356120961,-0.9955240877705867,-0.21429687122291943
-0.8481632388966314,-0.5744789356120961,0.4666727808772127,-0.21429687122291943
-0.8481632388966314,-0.5744789356120961,2.774072401982654,-0.21429687122291943
-0.8481632388966314,4.51733263293824,3.565957783877052,-0.21429687122291943
-0.8481632388966314,2.025725288013741,3.1112853001902336,-0.21429687122291943
-0.8481632388966314,-0.5744789356120961,-1.0943575412353947,-0.21429687122291943
0.4719904216454058,-0.5744789356120961,1.6928354875162168,-0.21429687122291943
-0.8481632388966314,-0.5744789356120961,-0.6691739920392633,-0.21429687122291943
-0.8481632388966314,0.8616172074407102,0.8288401157261588,-0.21429687122291943
-0.8481632388966314,-0.5744789356120961,0.9699089967209337,-0.21429687122291943
0.4719904216454058,0.22033475918701761,-0.8697826417887259,-0.21429687122291943
-0.8481632388966314,1.4225629143978993,1.194062226973039,-0.21429687122291943
-0.8481632388966314,1.429030916893516,1.2086677460942856,-0.21429687122291943
0.4719904216454058,-0.5744789356120961,-0.4035438293717277,7.377935137817655
0.4719904216454058,-0.5744789356120961,-0.6184869923397135,-0.21429687122291943
-0.8481632388966314,-0.5744789356120961,-1.0943575412353947,-0.21429687122291943
-0.8481632388966314,-0.5744789356120961,1.5726608716527795,-0.21429687122291943
-0.8481632388966314,-0.5744789356120961,-0.600350469326721,-0.21429687122291943
-0.8481632388966314,-0.12770738423413355,0.24642374523301913,-0.21429687122291943
3.11229774272948,-0.5744789356120961,0.08992440808760277,-0.21429687122291943
0.4719904216454058,-0.5744789356120961,-1.0943575412353947,-0.21429687122291943
-0.8481632388966314,-0.5744789356120961,2.5588599819572506,-0.21429687122291943
0.4719904216454058,-0.5744789356120961,1.6412584307634328,-0.21429687122291943
0.4719904216454058,-0.5744789356120961,-0.12681748299127368,-0.21429687122291943
-0.8481632388966314,-0.5744789356120961,0.047054317931605784,3.5818191332973677
0.4719904216454058,-0.5744789356120961,-0.2894567277504994,-0.21429687122291943
-0.8481632388966314,-0.5744789356120961,2.7638061540352847,-0.21429687122291943
-0.8481632388966314,-0.5744789356120961,-0.6375278163953582,-0.21429687122291943
-0.8481632388966314,-0.5744789356120961,-0.5713685285677251,3.5818191332973677
0.4719904216454058,0.5703575284357941,0.830876693203889,-0.21429687122291943
-0.8481632388966314,-0.5744789356120961,-1.0943575412353947,-0.21429687122291943
0.4719904216454058,-0.5744789356120961,-1.0943575412353947,-0.21429687122291943
-0.8481632388966314,-0.5744789356120961,1.8699212772060219,-0.21429687122291943
-0.8481632388966314,-0.5744789356120961,-0.034561444558353686,7.377935137817655
-0.8481632388966314,0.8559026690520551,0.5356880468174067,-0.21429687122291943
1.7921440821874428,-0.5744789356120961,0.10124240964364926,-0.21429687122291943
-0.8481632388966314,-0.5744789356120961,0.7270680340760931,-0.21429687122291943
0.4719904216454058,0.8746322890733124,-1.0943575412353947,3.5818191332973677
-0.8481632388966314,-0.5744789356120961,2.947770433002177,-0.21429687122291943
1.7921440821874428,-0.5744789356120961,-0.1256409384768502,-0.21429687122291943
-0.8481632388966314,-0.5744789356120961,-0.793339643402404,7.377935137817655
1.7921440821874428,2.0100642613539534,-0.4924302690627405,-0.21429687122291943
0.4719904216454058,-0.5744789356120961,-0.16489115369839039,3.5818191332973677
1.7921440821874428,-0.5744789356120961,0.1966208401915777,-0.21429687122291943
-0.8481632388966314,-0.5744789356120961,-1.0943575412353947,-0.21429687122291943
-0.8481632388966314,-0.5744789356120961,-0.3917852857391465,7.377935137817655
-0.8481632388966314,-0.5744789356120961,-0.6231707899409109,-0.21429687122291943
-0.8481632388966314,-0.5744789356120961,-0.6319915817460013,-0.21429687122291943
-0.8481632388966314,-0.5744789356120961,-1.0943575412353947,-0.21429687122291943
-0.8481632388966314,-0.5744789356120961,2.1152571107720526,-0.21429687122291943
-0.8481632388966314,-0.5744789356120961,1.032105467235511,-0.21429687122291943
-0.8481632388966314,-0.5744789356120961,-0.9314093570703637,-0.21429687122291943
-0.8481632388966314,-0.5744789356120961,-0.6366849727068153,-0.21429687122291943
-0.8481632388966314,-0.5744789356120961,-0.6445186153752196,-0.21429687122291943
-0.8481632388966314,-0.5744789356120961,-0.17631898645880367,-0.21429687122291943
0.4719904216454058,0.03568644763966415,-0.5355727955076889,-0.21429687122291943
-0.8481632388966314,-0.5744789356120961,1.1305404429401198,-0.21429687122291943
-0.8481632388966314,-0.5744789356120961,1.0179230561084662,-0.21429687122291943
0.4719904216454058,-0.5744789356120961,-0.2716165241710785,-0.21429687122291943
-0.8481632388966314,2.5897653413235004,-0.852040189672521,-0.21429687122291943
0.4719904216454058,1.8695664845883644,-0.5745532475929592,-0.21429687122291943
3.11229774272948,-0.5744789356120961,-0.15431077322292353,-0.21429687122291943
0.4719904216454058,-0.5744789356120961,-0.5894782049205162,-0.21429687122291943
0.4719904216454058,-0.5744789356120961,0.17339956815155555,-0.21429687122291943
-0.8481632388966314,-0.5744789356120961,-0.5394835787392522,-0.21429687122291943
-0.8481632388966314,-0.5744789356120961,-0.5388787650625063,-0.21429687122291943
-0.8481632388966314,-0.5744789356120961,-0.11126748838157037,-0.21429687122291943
-0.8481632388966314,-0.5744789356120961,-0.8421754999568188,-0.21429687122291943
-0.8481632388966314,1.97583800165261,-1.0544846077289547,-0.21429687122291943
0.4719904216454058,-0.1246512917307686,-0.620609450129913,-0.21429687122291943
-0.8481632388966314,-0.5744789356120961,-0.4339033170767854,-0.21429687122291943
0.4719904216454058,0.05522278680434362,-0.5204962729280598,-0.21429687122291943
0.4719904216454058,-0.5744789356120961,0.09747211610501126,-0.21429687122291943
-0.8481632388966314,0.8736878265263499,1.0286243058399147,-0.21429687122291943
0.4719904216454058,-0.5744789356120961,1.492270516382012,-0.21429687122291943
0.4719904216454058,-0.5744789356120961,-0.5210496141279936,-0.21429687122291943
0.4719904216454058,-0.5744789356120961,-0.6461565995779618,-0.21429687122291943
-0.8481632388966314,0.04480994057457155,1.133984215423386,-0.21429687122291943
-0.8481632388966314,-0.5744789356120961,-0.7061180759873802,-0.21429687122291943
-0.8481632388966314,-0.5744789356120961,-1.0943575412353947,-0.21429687122291943
1.7921440821874428,-0.5744789356120961,-0.6602696218875969,-0.21429687122291943
0.4719904216454058,0.010873731548687973,0.916316717648996,-0.21429687122291943
0.4719904216454058,-0.5744789356120961,1.3470722691291537,-0.21429687122291943
0.4719904216454058,-0.5744789356120961,0.1701289617460259,-0.21429687122291943
1.7921440821874428,-0.5744789356120961,-0.5781381467395835,-0.21429687122291943
0.4719904216454058,-0.5744789356120961,1.620827308329402,-0.21429687122291943
-0.8481632388966314,-0.5744789356120961,0.8779524578067563,-0.21429687122291943
0.4719904216454058,-0.5744789356120961,-0.7917762181057602,3.5818191332973677
0.4719904216454058,0.04976460490960131,-0.16885191247018203,-0.21429687122291943
-0.8481632388966314,-0.5744789356120961,2.6387833259247158,-0.21429687122291943
0.4719904216454058,0.08312267395871373,-0.44936666801195174,-0.21429687122291943
0.4719904216454058,-0.5744789356120961,-1.0943575412353947,-0.21429687122291943
0.4719904216454058,0.008020914710674357,0.42843730231315885,-0.21429687122291943
0.4719904216454058,2.022237986051683,-0.33289753093142344,-0.21429687122291943
-0.8481632388966314,-0.5744789356120961,-0.4873815322679713,-0.21429687122291943
0.4719904216454058,0.028783006942736535,-0.4697819674172705,-0.21429687122291943
-0.8481632388966314,0.07533340643598005,-0.9710537959936268,-0.21429687122291943
0.4719904216454058,3.2164051282665325,0.039047277911603326,-0.21429687122291943
0.4719904216454058,-0.5744789356120961,0.47215273649235223,-0.21429687122291943
1.7921440821874428,-0.016511003430530562,-0.2813076948490059,-0.21429687122291943
0.4719904216454058,-0.5744789356120961,-1.0943575412353947,3.5818191332973677
0.4719904216454058,-0.5744789356120961,-1.0943575412353947,-0.21429687122291943
0.4719904216454058,-0.5744789356120961,-0.5647936971526973,-0.21429687122291943
-0.8481632388966314,4.421854835045571,-0.5875266885745373,-0.21429687122291943
1.7921440821874428,-0.5744789356120961,-0.6260999592447575,-0.21429687122291943
1.7921440821874428,0.0673753568643888,-0.1521493577942276,-0.21429687122291943
-0.8481632388966314,-0.5744789356120961,0.13258588244964245,-0.21429687122291943
-0.8481632388966314,-0.5744789356120961,-1.0943575412353947,-0.21429687122291943
-0.8481632388966314,-0.5744789356120961,1.4200863683899212,-0.21429687122291943
-0.8481632388966314,2.0427939200011664,0.6668802850855283,-0.21429687122291943
-0.8481632388966314,-0.5744789356120961,0.9157419970316439,-0.21429687122291943
0.4719904216454058,0.6541067611555194,-0.1841884453218182,-0.21429687122291943
-0.8481632388966314,0.0003068924547391628,3.382579607400741,-0.21429687122291943
-0.8481632388966314,-0.5744789356120961,-1.0943575412353947,-0.21429687122291943
-0.8481632388966314,-0.5744789356120961,-0.9308605222723975,-0.21429687122291943
-0.8481632388966314,-0.1451874457731687,2.272838984134912,-0.21429687122291943
-0.8481632388966314,0.8205748611773505,-1.0943575412353947,-0.21429687122291943
0.4719904216454058,0.04666752931768697,-0.6460216856041867,-0.21429687122291943
0.4719904216454058,2.0388573862497696,0.2616669314024911,-0.21429687122291943
0.4719904216454058,-0.21168062414328367,-0.45998715402191537,-0.21429687122291943
-0.8481632388966314,-0.5744789356120961,-1.0061724957880662,-0.21429687122291943
-0.8481632388966314,-0.5744789356120961,-0.6251283282836199,-0.21429687122291943
-0.8481632388966314,1.9578634544114681,0.7037836117796817,-0.21429687122291943
-0.8481632388966314,-0.5744789356120961,-0.624335333138784,-0.21429687122291943
-0.8481632388966314,0.12256849444579089,-0.5894635595006433,-0.21429687122291943
0.4719904216454058,-0.5744789356120961,-0.5428821179063122,-0.21429687122291943
0.4719904216454058,-0.5744789356120961,0.9342993772306077,-0.21429687122291943
0.4719904216454058,1.9989826461746618,-0.4157699781196065,-0.21429687122291943
0.4719904216454058,-0.5744789356120961,-0.9586703451850203,-0.21429687122291943
-0.8481632388966314,-0.5744789356120961,0.9339396129743999,-0.21429687122291943
0.4719904216454058,-0.5744789356120961,-1.0943575412353947,-0.21429687122291943
-0.8481632388966314,0.0038052398217931107,-0.99222514903959,-0.21429687122291943
0.4719904216454058,-0.5744789356120961,0.5092789848691239,-0.21429687122291943
0.4719904216454058,-0.5744789356120961,-0.5039655625866134,-0.21429687122291943
-0.8481632388966314,-0.012641636133411894,2.1825856348280013,-0.21429687122291943
-0.8481632388966314,0.052072935221831824,-0.07046070991300961,-0.21429687122291943
1.7921440821874428,-0.5744789356120961,-0.16088137759918622,-0.21429687122291943
-0.8481632388966314,-0.5744789356120961,2.8992863499417627,-0.21429687122291943
-0.8481632388966314,-0.5744789356120961,1.2045311517469885,-0.21429687122291943
-0.8481632388966314,-0.5744789356120961,-0.6312359984207636,-0.21429687122291943
-0.8481632388966314,-0.5744789356120961,-0.5933436776121153,-0.21429687122291943
-0.8481632388966314,-0.5744789356120961,-0.7483450383963381,-0.21429687122291943
-0.8481632388966314,0.8038381892983292,-0.4298167104278897,-0.21429687122291943
0.4719904216454058,-0.5744789356120961,1.0605803492044554,-0.21429687122291943
1.7921440821874428,-0.5744789356120961,-0.2326207152151882,-0.21429687122291943
1.7921440821874428,1.936285747447228,0.013916550386258554,-0.21429687122291943
0.4719904216454058,-0.5744789356120961,0.7707444591428521,-0.21429687122291943
0.4719904216454058,-0.5744789356120961,-1.0943575412353947,-0.21429687122291943
-0.8481632388966314,1.6817943185109963,1.9774481322033968,-0.21429687122291943
0.4719904216454058,-0.5744789356120961,1.3905725280763435,-0.21429687122291943
3.11229774272948,0.6794922635013544,0.019563929014830814,-0.21429687122291943
-0.8481632388966314,-0.5744789356120961,0.9618873209351717,-0.21429687122291943
3.11229774272948,-0.5744789356120961,-0.5524218890420723,-0.21429687122291943
-0.8481632388966314,-0.5744789356120961,0.6973594509001373,-0.21429687122291943
0.4719904216454058,-0.5744789356120961,-0.45995580861655827,-0.21429687122291943
0.4719904216454058,-0.5744789356120961,-0.4173464427461867,-0.21429687122291943
1.7921440821874428,1.9108223411577925,0.16432073805953412,-0.21429687122291943
0.4719904216454058,-0.5744789356120961,1.5041291836538715,-0.21429687122291943
0.4719904216454058,-0.08358688725125055,-0.3557293650717042,-0.21429687122291943
0.4719904216454058,0.11852380251112493,-0.2537961875155633,-0.21429687122291943
1.7921440821874428,-0.5744789356120961,0.233236728330304,-0.21429687122291943
-0.8481632388966314,-0.5744789356120961,-0.9204807495714475,-0.21429687122291943
0.4719904216454058,-0.5744789356120961,-0.5969458100845682,-0.21429687122291943
0.4719904216454058,-0.5744789356120961,-0.6539485903776084,-0.21429687122291943
1.7921440821874428,-0.5744789356120961,-0.6175428997286676,-0.21429687122291943
1.7921440821874428,0.5481345619718787,0.9239853197442933,3.5818191332973677
0.4719904216454058,0.018929532544493095,1.4830713922835197,-0.21429687122291943
-0.8481632388966314,0.8476516772148287,2.5717613130239934,-0.21429687122291943
1.7921440821874428,0.06233464269169053,-0.6181548724141822,-0.21429687122291943
0.4719904216454058,3.6774339153163234,0.8473173573749733,-0.21429687122291943
-0.8481632388966314,-0.03252329997885219,-0.32891171986826506,-0.21429687122291943
0.4719904216454058,2.4440370158927336,0.8997244723953279,-0.21429687122291943
-0.8481632388966314,-0.5744789356120961,0.8839816537932552,-0.21429687122291943
-0.8481632388966314,-0.5744789356120961,1.2938260723754356,-0.21429687122291943
0.4719904216454058,-0.5744789356120961,-0.5928978169225574,-0.21429687122291943
0.4719904216454058,-0.5744789356120961,0.8939311543007997,-0.21429687122291943
-0.8481632388966314,1.7708592302646444,-1.1846897961553504,-0.21429687122291943
1.7921440821874428,-0.5744789356120961,-1.0943575412353947,-0.21429687122291943
3.11229774272948,-0.5744789356120961,-0.419722840288679,-0.21429687122291943
-0.8481632388966314,0.6438125226464338,-0.05917929705881814,-0.21429687122291943
-0.8481632388966314,-0.5744789356120961,0.8674952019049222,-0.21429687122291943
0.4719904216454058,0.016207254929885458,-0.27808131766371663,-0.21429687122291943
-0.8481632388966314,5.197859485141342,2.603839376473174,-0.21429687122291943
0.4719904216454058,-0.05646795238381298,0.8412030550398124,-0.21429687122291943
-0.8481632388966314,-0.035539202553201095,1.2355232558954894,-0.21429687122291943
-0.8481632388966314,-0.5744789356120961,4.312307171674917,-0.21429687122291943
0.4719904216454058,0.03916790389739203,-0.33944189559708093,-0.21429687122291943
0.4719904216454058,-0.5744789356120961,-0.06404336655245683,-0.21429687122291943
0.4719904216454058,-0.5744789356120961,0.686863178896131,3.5818191332973677
0.4719904216454058,-0.5744789356120961,1.1410319014738735,-0.21429687122291943
0.4719904216454058,-0.5744789356120961,0.2236346512122551,-0.21429687122291943
0.4719904216454058,0.06647160489829777,-1.0943575412353947,-0.21429687122291943
-0.8481632388966314,-0.5744789356120961,-1.001274165572502,-0.21429687122291943
0.4719904216454058,1.1647806024997185,0.9861402006470175,-0.21429687122291943
-0.8481632388966314,0.05085341322602231,1.2843805819631597,-0.21429687122291943
0.4719904216454058,-0.5744789356120961,0.9676216297377781,-0.21429687122291943
-0.8481632388966314,-0.5744789356120961,-0.4121484239226908,-0.21429687122291943
0.4719904216454058,0.04380828722005662,-0.9253243276477009,-0.21429687122291943
0.4719904216454058,0.20878014488606092,0.24420033507997985,-0.21429687122291943
0.4719904216454058,-0.14352379419265482,-1.0943575412353947,-0.21429687122291943
0.4719904216454058,-0.5744789356120961,-0.6066680393318963,-0.21429687122291943
-0.8481632388966314,-0.5744789356120961,0.2776348790209173,-0.21429687122291943
0.4719904216454058,-0.5744789356120961,-0.5880834424793786,-0.21429687122291943
0.4719904216454058,-0.5744789356120961,1.073368479700572,-0.21429687122291943
-0.8481632388966314,0.172888111665663,0.516258794788159,-0.21429687122291943
1.7921440821874428,-0.5744789356120961,-1.0943575412353947,-0.21429687122291943
1.7921440821874428,-0.012280032839054648,-1.0160145579643538,-0.21429687122291943
0.4719904216454058,-0.5744789356120961,-0.9101385773022589,-0.21429687122291943
-0.8481632388966314,0.05397501463340501,0.5911890561204066,-0.21429687122291943
0.4719904216454058,-0.5744789356120961,-0.6053711580044162,-0.21429687122291943
1.7921440821874428,1.9502388416623444,-0.4668292364464325,-0.21429687122291943
0.4719904216454058,0.8231653609546017,-1.0943575412353947,-0.21429687122291943
-0.8481632388966314,-0.5744789356120961,-0.9375158706975937,-0.21429687122291943
-0.8481632388966314,-0.5744789356120961,-0.9706035139184823,-0.21429687122291943
-0.8481632388966314,-0.5744789356120961,0.09683982392337376,-0.21429687122291943
0.4719904216454058,-0.5744789356120961,-1.0943575412353947,-0.21429687122291943
0.4719904216454058,-0.5744789356120961,-1.0943575412353947,-0.21429687122291943
0.4719904216454058,-0.5744789356120961,-0.6238948664892097,3.5818191332973677
0.4719904216454058,0.01287548279380873,-0.7695275848547529,-0.21429687122291943
1.7921440821874428,-0.5744789356120961,-0.6617159500493193,-0.21429687122291943
1.7921440821874428,-0.5744789356120961,-0.15040808952943813,-0.21429687122291943
-0.8481632388966314,-0.5744789356120961,-1.0943575412353947,-0.21429687122291943
1.7921440821874428,-0.5744789356120961,-0.5884676353156656,-0.21429687122291943
0.4719904216454058,-0.057088303731453266,-0.3188337277538555,-0.21429687122291943
0.4719904216454058,2.113225323096994,-0.40443051422508086,-0.21429687122291943
0.4719904216454058,1.2767535876439715,0.48790305347626844,-0.21429687122291943
1.7921440821874428,-0.5744789356120961,-0.5955939772531431,-0.21429687122291943
-0.8481632388966314,-0.5744789356120961,-1.0292612600636761,-0.21429687122291943
0.4719904216454058,1.9577113386395446,0.5352310100383207,-0.21429687122291943
-0.8481632388966314,0.8210218859335677,-1.0943575412353947,-0.21429687122291943
-0.8481632388966314,3.4555691999285716,-0.9918211171825873,-0.21429687122291943
-0.8481632388966314,2.594786030004011,-0.8321599331957735,-0.21429687122291943
0.4719904216454058,-0.5744789356120961,-0.4684069504585834,-0.21429687122291943
-0.8481632388966314,-0.5744789356120961,-0.38039935787994666,-0.21429687122291943
0.4719904216454058,-0.5744789356120961,1.3490997647766318,-0.21429687122291943
0.4719904216454058,-0.5744789356120961,-0.5845686135661339,-0.21429687122291943
-0.8481632388966314,1.724300395998231,0.5571917455912314,-0.21429687122291943
0.4719904216454058,-0.5744789356120961,-0.5480257470444423,-0.21429687122291943
-0.8481632388966314,0.05325725179938541,2.7377079283943533,-0.21429687122291943
-0.8481632388966314,-0.5744789356120961,2.6201255712213265,-0.21429687122291943
-0.8481632388966314,-0.5744789356120961,-1.0943575412353947,-0.21429687122291943
0.4719904216454058,1.9625354612616657,0.8169740280692582,-0.21429687122291943
0.4719904216454058,-0.038931226831401454,0.7588048544599817,-0.21429687122291943
-0.8481632388966314,2.0333848862798996,0.20945357841456716,-0.21429687122291943
-0.8481632388966314,2.0283947386590753,0.1577079314355556,-0.21429687122291943
1.7921440821874428,-0.5744789356120961,-1.0943575412353947,-0.21429687122291943
1.7921440821874428,-0.5744789356120961,-0.6198870941924262,-0.21429687122291943
-0.8481632388966314,-0.5744789356120961,-0.6369978626331316,-0.21429687122291943
-0.8481632388966314,-0.5744789356120961,-0.5296712944131562,-0.21429687122291943
-0.8481632388966314,-0.5744789356120961,-1.0943575412353947,-0.21429687122291943
0.4719904216454058,2.439577459406875,-0.4471796380685272,-0.21429687122291943
-0.8481632388966314,-0.1265299428868815,1.3858805118387039,-0.21429687122291943
-0.8481632388966314,0.768202854904272,-0.5854222520975221,-0.21429687122291943
-0.8481632388966314,2.560224416910113,0.41778374561195375,-0.21429687122291943
-0.8481632388966314,0.005902004709957466,0.4130507110653621,-0.21429687122291943
0.4719904216454058,-0.5744789356120961,-0.12669563270124654,-0.21429687122291943
-0.8481632388966314,-0.5744789356120961,1.3828359132375134,-0.21429687122291943
0.4719904216454058,-0.5744789356120961,-0.519396426441582,-0.21429687122291943
0.4719904216454058,1.8877282648947245,0.19265780958516415,-0.21429687122291943
-0.8481632388966314,-0.5744789356120961,-0.5823804993494178,-0.21429687122291943
-0.8481632388966314,-0.5744789356120961,-0.19720076725273794,-0.21429687122291943
-0.8481632388966314,0.7601492986673073,0.011593393849342522,-0.21429687122291943
0.4719904216454058,1.9526028276305054,-0.4943768364594135,-0.21429687122291943
0.4719904216454058,-0.5744789356120961,-1.0943575412353947,-0.21429687122291943
-0.8481632388966314,1.980006382843605,1.1505538104918274,3.5818191332973677
0.4719904216454058,-0.5744789356120961,1.1607398323793159,-0.21429687122291943
-0.8481632388966314,-0.5744789356120961,-1.0943575412353947,-0.21429687122291943
0.4719904216454058,0.7839679553611576,-1.0943575412353947,-0.21429687122291943
1.7921440821874428,-0.5744789356120961,-0.6164262318152504,-0.21429687122291943
1.7921440821874428,-0.5744789356120961,-1.0943575412353947,-0.21429687122291943
0.4719904216454058,-0.5744789356120961,-1.0943575412353947,3.5818191332973677
-0.8481632388966314,0.0971426365657284,-0.7610043669567556,-0.21429687122291943
-0.8481632388966314,-0.5744789356120961,-0.3793024284373508,-0.21429687122291943
-0.8481632388966314,-0.5744789356120961,-0.8914151251215429,-0.21429687122291943
-0.8481632388966314,-0.5744789356120961,-1.0943575412353947,-0.21429687122291943
0.4719904216454058,4.637086196632438,-0.9180838244841464,-0.21429687122291943
0.4719904216454058,-0.5744789356120961,-1.0943575412353947,3.5818191332973677
1.7921440821874428,2.3444631395752467,-1.0943575412353947,-0.21429687122291943
1.7921440821874428,-0.5744789356120961,-0.5653989164564204,-0.21429687122291943
-0.8481632388966314,-0.5744789356120961,0.29397418927237146,-0.21429687122291943
-0.8481632388966314,0.8701918441147714,-0.9442424062339349,-0.21429687122291943
-0.8481632388966314,-0.02893591159617813,0.4580075436844242,-0.21429687122291943
0.4719904216454058,2.6394933787699695,-0.9703624029119053,-0.21429687122291943
-0.8481632388966314,-0.5744789356120961,-1.0294030739214448,-0.21429687122291943
-0.8481632388966314,-0.5744789356120961,2.364177189651078,-0.21429687122291943
-0.8481632388966314,0.0721351454353457,2.7112683383685807,-0.21429687122291943
-0.8481632388966314,-0.5744789356120961,2.937646064848789,-0.21429687122291943
0.4719904216454058,0.17975594531965594,-0.13817361450844518,-0.21429687122291943
0.4719904216454058,0.025415387175589894,-0.21350942666002953,-0.21429687122291943
-0.8481632388966314,-0.5744789356120961,1.0468347273589724,-0.21429687122291943
0.4719904216454058,-0.5744789356120961,0.4154535279590485,-0.21429687122291943
1.7921440821874428,-0.5744789356120961,1.2459726437788088,-0.21429687122291943
-0.8481632388966314,-0.5744789356120961,-1.0312190842255577,-0.21429687122291943
0.4719904216454058,2.02054972235102,-0.5419794299913444,-0.21429687122291943
-0.8481632388966314,-0.028639546600135006,0.3771685206671667,-0.21429687122291943
-0.8481632388966314,-0.5744789356120961,-0.4363819775892932,-0.21429687122291943
-0.8481632388966314,0.6319068261591532,0.5190579404368285,-0.21429687122291943
0.4719904216454058,-0.01983131981643429,-0.23974499022979368,-0.21429687122291943
-0.8481632388966314,-0.5744789356120961,-1.0943575412353947,-0.21429687122291943
-0.8481632388966314,0.055887869667850386,-0.5988197371552334,-0.21429687122291943
0.4719904216454058,-0.5744789356120961,-0.6193240873717125,-0.21429687122291943
3.11229774272948,-0.5744789356120961,-0.5350376342437765,-0.21429687122291943
1.7921440821874428,-0.5744789356120961,-1.0943575412353947,-0.21429687122291943
0.4719904216454058,-0.5744789356120961,-0.6367299856792626,-0.21429687122291943
-0.8481632388966314,1.0165028302530283,-0.07483202743080601,-0.21429687122291943
-0.8481632388966314,-0.5744789356120961,-0.958166250169682,-0.21429687122291943
-0.8481632388966314,1.3859420289060589,-0.025163382802626602,-0.21429687122291943
-0.8481632388966314,-0.5744789356120961,-1.0943575412353947,-0.21429687122291943
-0.8481632388966314,0.03129228036144845,0.3439516971779849,-0.21429687122291943
-0.8481632388966314,-0.5744789356120961,0.989197339360843,-0.21429687122291943
0.4719904216454058,-0.5744789356120961,-0.6211813412979923,-0.21429687122291943
-0.8481632388966314,-0.0689539368554256,0.6855268309315172,-0.21429687122291943
1.7921440821874428,-0.5744789356120961,-1.0943575412353947,-0.21429687122291943
1.7921440821874428,-0.5744789356120961,1.2830079332980002,-0.21429687122291943
-0.8481632388966314,-0.5744789356120961,-1.0943575412353947,-0.21429687122291943
0.4719904216454058,0.12333244522156028,-0.9344510541961464,-0.21429687122291943
1.7921440821874428,1.3526861291450543,-0.05715814492824652,-0.21429687122291943
0.4719904216454058,0.8783262520539069,-1.0943575412353947,-0.21429687122291943
1.7921440821874428,0.08370406203415057,-1.0943575412353947,-0.21429687122291943
-0.8481632388966314,-0.5744789356120961,-1.0943575412353947,-0.21429687122291943
0.4719904216454058,-0.5744789356120961,0.7730522416903769,-0.21429687122291943
0.4719904216454058,1.943297474154791,-1.035341300256507,-0.21429687122291943
-0.8481632388966314,0.07929048355892446,-1.1564516627760886,-0.21429687122291943
0.4719904216454058,-0.5744789356120961,-1.0943575412353947,-0.21429687122291943
0.4719904216454058,1.9181785631493666,1.215847171712819,-0.21429687122291943
-0.8481632388966314,-0.14499528334488973,2.7889827016462347,-0.21429687122291943
0.4719904216454058,0.576726758007871,0.0908100030458731,-0.21429687122291943
0.4719904216454058,-0.5744789356120961,-0.6265563657397432,-0.21429687122291943
0.4719904216454058,0.9104823540963041,1.063186419836928,-0.21429687122291943
0.4719904216454058,-0.5744789356120961,-0.14412125996284017,-0.21429687122291943
-0.8481632388966314,0.5627208081791515,-0.5968010940189713,-0.21429687122291943
0.4719904216454058,0.10005497558896988,0.004393975666421401,-0.21429687122291943
0.4719904216454058,0.05858071808474873,-0.9377772519508435,-0.21429687122291943
0.4719904216454058,-0.07821679819064548,0.6457718045400468,-0.21429687122291943
1.7921440821874428,-0.5744789356120961,-0.06522166857815893,-0.21429687122291943
0.4719904216454058,-0.5744789356120961,-0.9012183941405153,-0.21429687122291943
3.11229774272948,-0.5744789356120961,-0.9054163291423009,-0.21429687122291943
0.4719904216454058,-0.5744789356120961,-0.5234177803031121,-0.21429687122291943
-0.8481632388966314,-0.5744789356120961,0.70602714794724,-0.21429687122291943
0.4719904216454058,0.106465215505222,1.2993960086243157,-0.21429687122291943
-0.8481632388966314,-0.5744789356120961,0.1886694862972064,-0.21429687122291943
0.4719904216454058,-0.06943479756959454,-1.0943575412353947,-0.21429687122291943
-0.8481632388966314,0.01599674934565887,-0.9715022451641855,-0.21429687122291943
-0.8481632388966314,0.09304698939715898,-0.28977784170822635,-0.21429687122291943
-0.8481632388966314,2.61126309430963,1.1712732615605561,-0.21429687122291943
0.4719904216454058,-0.09082803667125693,1.3512184878463525,-0.21429687122291943
-0.8481632388966314,0.12915382487745752,-0.22826226854961382,-0.21429687122291943
-0.8481632388966314,0.061252707527563795,-0.6266254310568468,-0.21429687122291943
0.4719904216454058,-0.5744789356120961,0.8582121861852204,-0.21429687122291943
-0.8481632388966314,0.06900089765068368,1.293682914070942,-0.21429687122291943
-0.8481632388966314,-0.5744789356120961,-0.640449838312445,3.5818191332973677
0.4719904216454058,-0.5744789356120961,-0.6363827811347057,-0.21429687122291943
-0.8481632388966314,-0.013702536593485979,-0.9932592457453434,-0.21429687122291943
-0.8481632388966314,0.01676426054996424,-0.7905204007763035,-0.21429687122291943
-0.8481632388966314,-0.05872198775376477,-1.0855618708677892,-0.21429687122291943
3.11229774272948,-0.5744789356120961,-0.5490545610652902,-0.21429687122291943
0.4719904216454058,1.2340722914017566,0.9744342915000306,-0.21429687122291943
-0.8481632388966314,0.048330254464560685,0.8992811149012734,-0.21429687122291943
-0.8481632388966314,-0.5744789356120961,-0.275337556552747,-0.21429687122291943
0.4719904216454058,3.16327881016358,0.23413258273318366,-0.21429687122291943
0.4719904216454058,0.12257375343033919,-0.549785763050182,-0.21429687122291943
0.4719904216454058,-0.5744789356120961,-0.5057843607109851,-0.21429687122291943
0.4719904216454058,0.09778772505730059,-0.7591587094905875,-0.21429687122291943
0.4719904216454058,2.138128450876611,0.9444129778997902,-0.21429687122291943
1.7921440821874428,0.1606900015211979,-0.5404214824743323,-0.21429687122291943
-0.8481632388966314,0.12070479472757652,2.5730506216171767,-0.21429687122291943
